0.0,0.759735283873215,0.632183908045977,0.5172413793103449,0.0,0.7474646232769677,0.6090534979423868,0.4713375796178344,0.6370006940405674,0.6201299259629247,256,256,256,noperm,0.001,100,256,256,5,None,1
0.0,0.75491787905581,0.6486486486486487,0.45141065830721006,0.0,0.7434392748984233,0.6238532110091743,0.43312101910828027,0.6213265717033528,0.6104792346993313,256,256,256,noperm,0.001,100,256,256,5,None,2
0.0,0.7599549875411945,0.6761904761904762,0.445141065830721,0.0,0.7524383803765613,0.6830601092896175,0.3980891719745223,0.6389121564583551,0.6475507748796486,256,256,256,noperm,0.001,100,256,256,5,None,3
0.0,0.7609088229777885,0.6597510373443983,0.49843260188087773,0.0,0.7468072035953313,0.6376146788990825,0.4426751592356688,0.6408321895422627,0.6205524949325592,256,256,256,noperm,0.001,100,256,256,5,None,4
0.0,0.7633255633255633,0.6536796536796536,0.47335423197492166,0.0,0.7512367034175046,0.6589861751152074,0.4554140127388535,0.6415966585904809,0.6427955757777083,256,256,256,noperm,0.001,100,256,256,5,None,5
0.0,0.7636899498968466,0.6463414634146342,0.49843260188087773,0.0,0.7565068382424263,0.6403508771929824,0.46496815286624205,0.6490874456382227,0.6411229391883416,256,256,256,noperm,0.001,100,256,256,5,None,6
0.0,0.7639257294429708,0.6463414634146342,0.49843260188087773,0.0,0.7530958000581978,0.6304347826086957,0.46178343949044587,0.6510562037906054,0.6364366926340788,256,256,256,noperm,0.001,100,256,256,5,None,7
0.0,0.7582348685796962,0.6547619047619048,0.5172413793103449,0.0,0.7522066668822142,0.6394849785407726,0.4745222929936306,0.6485905855242664,0.6374369957600863,256,256,256,noperm,0.001,100,256,256,5,None,8
0.0,0.7598424563941806,0.6431226765799256,0.542319749216301,0.0,0.7472975740136011,0.6039215686274509,0.49044585987261147,0.6385811457349366,0.6252742865611869,256,256,256,noperm,0.001,100,256,256,5,None,9
0.0,0.7616322374943064,0.6903553299492385,0.4263322884012539,0.0,0.7525730975244378,0.6612903225806451,0.39171974522292996,0.6361808194978923,0.6445707594566221,256,256,256,noperm,0.001,100,256,256,5,None,10
0.0,0.7705007636042118,0.6637168141592921,0.4702194357366771,0.0,0.7622296226842122,0.681592039800995,0.43630573248407645,0.6565617271258612,0.6597509542017734,256,64,256,noperm,0.001,100,256,256,5,None,1
0.0,0.7590868901213729,0.6554621848739496,0.4890282131661442,0.0,0.7416071216873054,0.6164383561643836,0.4299363057324841,0.6314093438072295,0.6176066414850978,256,128,256,noperm,0.001,100,256,256,5,None,2
0.0,0.7555877073118452,0.6267605633802817,0.5579937304075235,0.0,0.7437087091941759,0.585820895522388,0.5,0.6246304268866878,0.6208882850965879,256,64,128,noperm,0.001,100,128,256,5,None,3
0.0,0.756707660155936,0.6470588235294118,0.4827586206896552,0.0,0.7495823768415834,0.6484018264840182,0.45222929936305734,0.6338140032362263,0.6230877789177823,256,128,128,noperm,0.001,100,128,256,5,None,4
0.0,0.7697451973314042,0.6626506024096386,0.5172413793103449,0.0,0.7643419875629128,0.6265560165975104,0.48089171974522293,0.6453246758231871,0.6457722106450633,256,64,512,noperm,0.001,100,512,256,5,None,5
0.0,0.7746483401655815,0.6767241379310345,0.49216300940438873,0.0,0.7668585038852426,0.6606334841628959,0.46496815286624205,0.6678673647039411,0.666739084940423,256,128,512,noperm,0.001,100,512,256,5,None,6
0.0,0.7673391742357258,0.6382113821138211,0.49216300940438873,0.0,0.7567008309353681,0.6359649122807017,0.46178343949044587,0.6437913465571996,0.6465370137622799,256,64,256,noperm,0.001,100,256,256,5,None,7
0.0,0.765774455429628,0.6380597014925373,0.5360501567398119,0.0,0.7528371431342753,0.6126482213438735,0.49363057324840764,0.6455294154074301,0.6402505838668734,256,128,256,noperm,0.001,100,256,256,5,None,8
0.0,0.7547785547785547,0.6142857142857143,0.5391849529780565,0.0,0.7439727548040136,0.5830258302583026,0.5031847133757962,0.623471958328684,0.618437858221973,256,64,128,noperm,0.001,100,128,256,5,None,9
0.0,0.7549982584465345,0.6345381526104418,0.4952978056426332,0.0,0.7469149773136323,0.6351351351351351,0.44904458598726116,0.6248551797762014,0.6230131130106326,256,128,128,noperm,0.001,100,128,256,5,None,10
0.0,0.7759129759129759,0.6681222707423581,0.47962382445141066,0.0,0.7674728140795586,0.6571428571428571,0.4394904458598726,0.6673314552430133,0.6700913966559241,256,64,512,noperm,0.001,100,512,256,5,None,11
0.0,0.7727192347882004,0.6880733944954128,0.4702194357366771,0.0,0.7650910149051052,0.6717171717171717,0.42356687898089174,0.6647165220314624,0.6465006081691921,256,128,512,noperm,0.001,100,512,256,5,None,12
0.0,0.7643597781528817,0.6390977443609023,0.5329153605015674,0.0,0.754254367529934,0.6326530612244898,0.49363057324840764,0.6524535530225036,0.6515231800015311,256,64,256,noperm,0.001,100,256,256,5,None,13
0.0,0.7559413766310317,0.6699029126213593,0.43260188087774293,0.0,0.7493398859754059,0.6577540106951871,0.39171974522292996,0.6324339689611593,0.6222062938902158,256,128,256,noperm,0.001,100,256,256,5,None,14
0.0,0.7524261179433593,0.6521739130434783,0.5172413793103449,0.0,0.7409389246338387,0.6134453781512605,0.46496815286624205,0.6095476974120957,0.6230792241239788,256,64,128,noperm,0.001,100,128,256,5,None,15
0.0,0.7534281810143879,0.6220472440944882,0.4952978056426332,0.0,0.743196784032246,0.6311111111111111,0.45222929936305734,0.622727521813641,0.6160897644798354,256,128,128,noperm,0.001,100,128,256,5,None,16
0.0,0.777343729067867,0.6544117647058824,0.5579937304075235,0.0,0.7661579747162857,0.6168582375478927,0.5127388535031847,0.6601498018533035,0.6552681714973116,256,64,512,noperm,0.001,100,512,256,5,None,17
0.0,0.7704525359697774,0.6373626373626373,0.5454545454545454,0.0,0.769256469117441,0.6313725490196078,0.5127388535031847,0.6514495178539529,0.6503653758356508,256,128,512,noperm,0.001,100,512,256,5,None,18
0.0,0.772044047906117,0.6237288135593221,0.5768025078369906,0.0,0.7537532197398342,0.6245353159851301,0.535031847133758,0.647467585643176,0.6440033818211702,256,64,256,noperm,0.001,100,256,256,5,None,19
0.0,0.7677089194330574,0.6962616822429907,0.4670846394984326,0.0,0.7580641684718765,0.6666666666666666,0.4140127388535032,0.6543468968142955,0.6420606146255986,256,128,256,noperm,0.001,100,256,256,5,None,20
0.0,0.7570666881011708,0.6390041493775933,0.4827586206896552,0.0,0.7414885705971741,0.616822429906542,0.42038216560509556,0.6243352567505724,0.6131368081707056,256,64,128,noperm,0.001,100,128,256,5,None,21
0.0,0.7490769766631836,0.637065637065637,0.5172413793103449,0.0,0.7378404302326833,0.6042553191489362,0.45222929936305734,0.6282394982013874,0.6198242959781929,256,128,128,noperm,0.001,100,128,256,5,None,22
0.0,0.7752645821611338,0.6640316205533597,0.5266457680250783,0.0,0.7686152154935498,0.645021645021645,0.4745222929936306,0.6636981781914412,0.6675027091515777,256,64,512,noperm,0.001,100,512,256,5,None,23
0.0,0.767376684618064,0.6808510638297872,0.5015673981191222,0.0,0.7693103559765916,0.6621004566210046,0.46178343949044587,0.6579111488616423,0.6575386473978413,256,128,512,noperm,0.001,100,512,256,5,None,24
0.0,0.7698095008439837,0.668,0.5235109717868338,0.0,0.764255768588272,0.6510638297872341,0.4872611464968153,0.6386509028211395,0.6472745761782931,256,64,256,noperm,0.001,100,256,256,5,None,25
0.0,0.7694504728987488,0.6904761904761905,0.45454545454545453,0.0,0.7526485391272485,0.6649484536082474,0.410828025477707,0.6568401987927478,0.6486857134061605,256,128,256,noperm,0.001,100,256,256,5,None,26
0.0,0.756021756021756,0.6567164179104478,0.41379310344827586,0.0,0.7501104680612586,0.6477272727272727,0.3630573248407643,0.6093067598541144,0.6154907197014049,256,64,128,noperm,0.001,100,128,256,5,None,27
0.0,0.7490876939152802,0.6451612903225806,0.438871473354232,0.0,0.7417849483225021,0.6435643564356436,0.4140127388535032,0.613942527334919,0.6129979954498079,256,128,128,noperm,0.001,100,128,256,5,None,28
0.0,0.7796479382686279,0.6822033898305084,0.5047021943573667,0.0,0.7766820783083836,0.6550218340611353,0.47770700636942676,0.6754017701353902,0.6800446007650243,256,64,512,noperm,0.001,100,512,256,5,None,29
0.0,0.7655761862658415,0.6753246753246753,0.4890282131661442,0.0,0.7617446409518576,0.6409090909090909,0.44904458598726116,0.658966166292613,0.6555355534209621,256,128,512,noperm,0.001,100,512,256,5,None,30
0.0,0.764900999383758,0.6652892561983471,0.5047021943573667,0.0,0.75689482362831,0.6507177033492823,0.43312101910828027,0.6492585128703219,0.6440148485851904,256,64,256,noperm,0.001,100,256,256,5,None,31
0.0,0.7573346194035849,0.6428571428571429,0.47962382445141066,0.0,0.7495015465528576,0.6306306306306306,0.445859872611465,0.6178733062246897,0.6113345014994712,256,128,256,noperm,0.001,100,256,256,5,None,32
0.0,0.7526726147415803,0.642570281124498,0.5015673981191222,0.0,0.7434500522702534,0.6133333333333333,0.4394904458598726,0.6103926282052755,0.6118246681019657,256,64,128,noperm,0.001,100,128,256,5,None,33
0.0,0.7492216595664872,0.6510638297872341,0.47962382445141066,0.0,0.7409874228070743,0.6278026905829597,0.445859872611465,0.6117357669792824,0.6117928352315546,256,128,128,noperm,0.001,100,128,256,5,None,34
0.0,0.7777349087693914,0.6640316205533597,0.5266457680250783,0.0,0.7676991388879908,0.628099173553719,0.4840764331210191,0.6680157909789745,0.6718963629632255,256,64,512,noperm,0.001,100,512,256,5,None,35
0.0,0.7694343970206039,0.6753246753246753,0.4890282131661442,0.0,0.7721771368833997,0.6588785046728972,0.44904458598726116,0.6567176253300404,0.6575645212346416,256,128,512,noperm,0.001,100,512,256,5,None,36
0.0,0.7720172547758756,0.6708333333333333,0.5047021943573667,0.0,0.7598262687660987,0.676056338028169,0.4585987261146497,0.6563382990697659,0.6466454710569686,256,64,256,noperm,0.001,100,256,256,5,None,37
0.0,0.765034965034965,0.6652719665271967,0.49843260188087773,0.0,0.7552027762509835,0.6558139534883721,0.44904458598726116,0.6472684548583452,0.6414717892329371,256,128,256,noperm,0.001,100,256,256,5,None,38
0.0,0.7555609141816038,0.6334519572953736,0.5579937304075235,0.0,0.7464246068953625,0.5962962962962963,0.5127388535031847,0.6181281052030512,0.6228265764677838,256,64,128,noperm,0.001,100,128,256,5,None,39
0.0,0.7539265332368781,0.6485355648535565,0.48589341692789967,0.0,0.7432506708913964,0.6199095022624435,0.43630573248407645,0.6081283779771453,0.6134201691700688,256,128,128,noperm,0.001,100,128,256,5,None,40
0.0,0.7723923585992551,0.6666666666666666,0.4827586206896552,0.0,0.7699354435427377,0.6605504587155964,0.4585987261146497,0.6561783744235696,0.6629036998997726,256,64,512,noperm,0.001,100,512,256,5,None,41
0.0,0.7737963186239049,0.6666666666666666,0.5015673981191222,0.0,0.7678769655231875,0.6577777777777778,0.4713375796178344,0.6666953331286879,0.6497690261089961,256,128,512,noperm,0.001,100,512,256,5,None,42
0.0,0.7671409050719395,0.6533333333333333,0.4608150470219436,0.0,0.7565607251015767,0.6507177033492823,0.43312101910828027,0.640539259016224,0.6362361491020846,256,64,256,noperm,0.001,100,256,256,5,None,43
0.0,0.759660263108539,0.6923076923076923,0.3949843260188088,0.0,0.751279812904825,0.6666666666666666,0.36942675159235666,0.6343902127525631,0.6344394717168436,256,128,256,noperm,0.001,100,256,256,5,None,44
0.0,0.7575007368110817,0.6594827586206896,0.47962382445141066,0.0,0.7472652418981107,0.6261261261261262,0.4426751592356688,0.6239258044798159,0.6229344608516499,256,64,128,noperm,0.001,100,128,256,5,None,45
0.0,0.7481392171047343,0.6435185185185185,0.43573667711598746,0.0,0.7389720542748446,0.6294416243654822,0.39490445859872614,0.611048212392887,0.6131614756454128,256,128,128,noperm,0.001,100,128,256,5,None,46
0.0,0.7727192347882003,0.683982683982684,0.4952978056426332,0.0,0.7631564766616014,0.6763285024154589,0.445859872611465,0.6596398859402983,0.6609938260730202,256,64,512,noperm,0.001,100,512,256,5,None,47
0.0,0.7749644991024301,0.6586345381526104,0.5141065830721003,0.0,0.7634797978165044,0.6270491803278688,0.4872611464968153,0.6660517034675613,0.6594497563759533,256,128,512,noperm,0.001,100,512,256,5,None,48
0.0,0.7675588779037055,0.6926829268292682,0.445141065830721,0.0,0.7623535624602584,0.6701570680628273,0.40764331210191085,0.6497034911636201,0.6503933531760667,256,64,256,noperm,0.001,100,256,256,5,None,49
0.0,0.7576936473488198,0.6388888888888888,0.5047021943573667,0.0,0.7560056904523262,0.6478260869565218,0.4745222929936306,0.6464166428114446,0.6509957738082864,256,128,256,noperm,0.001,100,256,256,5,None,50
0.0,0.7546713822575891,0.6396396396396397,0.445141065830721,0.0,0.7469688641727829,0.6386138613861386,0.410828025477707,0.6164994090839346,0.620932776782821,256,64,128,noperm,0.001,100,128,256,5,None,51
0.0,0.74893229375988,0.6327272727272727,0.5454545454545454,0.0,0.7430512895125394,0.611764705882353,0.4968152866242038,0.6118390024925863,0.6101190163776182,256,128,128,noperm,0.001,100,128,256,5,None,52
0.0,0.7751306165099268,0.6652892561983471,0.5047021943573667,0.0,0.7662819144923319,0.648068669527897,0.48089171974522293,0.6717795367742434,0.6689709514779332,256,64,512,noperm,0.001,100,512,256,5,None,53
0.0,0.7715242611794336,0.705607476635514,0.47335423197492166,0.0,0.7698815566835872,0.7046632124352331,0.43312101910828027,0.6575617761301584,0.6706684992367675,256,128,512,noperm,0.001,100,512,256,5,None,54
0.0,0.7666050424671115,0.6423357664233577,0.5517241379310345,0.0,0.7580426137282162,0.6388888888888888,0.5127388535031847,0.6482825675835074,0.6535309945155655,256,64,256,noperm,0.001,100,256,256,5,None,55
0.0,0.7672695120970984,0.6708333333333333,0.5047021943573667,0.0,0.7529826376539817,0.6375545851528385,0.46496815286624205,0.6479494504319017,0.641385626143006,256,128,256,noperm,0.001,100,256,256,5,None,56
0.0,0.7506256195911368,0.6340425531914894,0.4670846394984326,0.0,0.7425339756646944,0.6308411214953271,0.4299363057324841,0.6154906461432065,0.6187584200431149,256,64,128,noperm,0.001,100,128,256,5,None,57
0.0,0.7511936339522546,0.625,0.5172413793103449,0.0,0.7391768243396166,0.5823754789272031,0.4840764331210191,0.60543911259269,0.6071300604083246,256,128,128,noperm,0.001,100,128,256,5,None,58
0.0,0.7779385365592262,0.6706349206349206,0.5297805642633229,0.0,0.7784064578012008,0.6666666666666666,0.5031847133757962,0.6619284347043078,0.679668153585862,256,64,512,noperm,0.001,100,512,256,5,None,59
0.0,0.7718832891246684,0.6636363636363637,0.45768025078369906,0.0,0.7680601808442994,0.6521739130434783,0.4299363057324841,0.6585698608845999,0.6554582738621162,256,128,512,noperm,0.001,100,512,256,5,None,60
0.0,0.7454599040805938,0.6553398058252428,0.4231974921630094,0.0,0.7423292055999224,0.6564102564102564,0.40764331210191085,0.616617061612807,0.6102461923102012,256,256,128,noperm,0.001,100,128,256,5,None,1
0.0,0.7686198858612652,0.6883116883116883,0.49843260188087773,0.0,0.7654951663487342,0.65,0.4554140127388535,0.659489158810889,0.6458838440830946,256,256,512,noperm,0.001,100,512,256,5,None,2
0.0,0.7464619671516224,0.6476190476190476,0.4263322884012539,0.0,0.74309439899986,0.6386138613861386,0.410828025477707,0.6104021114080119,0.6101712686866798,256,256,128,noperm,0.001,100,128,256,5,None,3
0.0,0.7646759370897301,0.6962616822429907,0.4670846394984326,0.0,0.7659154838501083,0.6782178217821783,0.43630573248407645,0.6576144010552211,0.6491430506946219,256,256,512,noperm,0.001,100,512,256,5,None,4
0.0,0.7436969161107092,0.6153846153846154,0.4263322884012539,0.0,0.7383254119650383,0.625,0.4140127388535032,0.6132377180646922,0.6078031114065808,256,256,128,noperm,0.001,100,128,256,5,None,5
0.0,0.7592101385204832,0.6597510373443983,0.49843260188087773,0.0,0.764147994869971,0.6547085201793722,0.46496815286624205,0.639697908054455,0.6417009302943545,256,256,512,noperm,0.001,100,512,256,5,None,6
0.0,0.7457653457653458,0.6275303643724697,0.48589341692789967,0.0,0.7375494411932707,0.6088888888888889,0.43630573248407645,0.6100385000903845,0.6068315660439791,256,256,128,noperm,0.001,100,128,256,5,None,7
0.0,0.7625646384267074,0.6161616161616161,0.5736677115987461,0.0,0.762617608070096,0.5992779783393501,0.5286624203821656,0.6501812814781743,0.6315727706822052,256,256,512,noperm,0.001,100,512,256,5,None,8
0.0,0.7459127079816735,0.6330645161290323,0.49216300940438873,0.0,0.7398557987649133,0.6171171171171171,0.43630573248407645,0.6116013337489492,0.6074684426657452,256,256,128,noperm,0.001,100,128,256,5,None,9
0.0,0.7690432173190793,0.6370370370370371,0.5391849529780565,0.0,0.7727375602185651,0.640926640926641,0.5286624203821656,0.6727961578685564,0.6715581130165572,256,256,512,noperm,0.001,100,512,256,5,None,10
0.0,0.7420518179138869,0.6363636363636364,0.5047021943573667,0.0,0.7329744468513908,0.5850622406639004,0.44904458598726116,0.5969739929519164,0.6032051355070208,256,256,128,noperm,0.001,100,128,256,5,None,11
0.0,0.7604908501460226,0.642023346303502,0.5172413793103449,0.0,0.7640186664080098,0.6446280991735537,0.4968152866242038,0.6496389361375667,0.6521860947261262,256,256,512,noperm,0.001,100,512,256,5,None,12
0.0,0.749730729041074,0.6209386281588448,0.5391849529780565,0.0,0.7435901581040448,0.623015873015873,0.5,0.619311701218138,0.622001752350952,256,256,128,noperm,0.001,100,128,256,5,None,13
0.0,0.7614607614607615,0.6161971830985915,0.54858934169279,0.0,0.7679577958119133,0.6127819548872181,0.5191082802547771,0.6427731970538952,0.6530089869425852,256,256,512,noperm,0.001,100,512,256,5,None,14
0.0,0.7476033544999062,0.6650485436893204,0.42946708463949845,0.0,0.7415855669436452,0.654054054054054,0.3853503184713376,0.6188179206178034,0.6066156545286151,256,256,128,noperm,0.001,100,128,256,5,None,15
0.0,0.7640757709723227,0.6722689075630253,0.5015673981191222,0.0,0.7707491351159106,0.6590909090909091,0.46178343949044587,0.6602342228058259,0.6500436831185751,256,256,512,noperm,0.001,100,512,256,5,None,16
0.0,0.7464619671516223,0.6386138613861386,0.4043887147335423,0.0,0.7497925355922704,0.6505376344086021,0.3853503184713376,0.6105394895064913,0.6178384279596677,256,256,128,noperm,0.001,100,128,256,5,None,17
0.0,0.7671462636979878,0.6309963099630996,0.5360501567398119,0.0,0.7614428745406145,0.6070038910505836,0.4968152866242038,0.6541866144206933,0.6377345910417265,256,256,512,noperm,0.001,100,512,256,5,None,18
0.0,0.7405460439943199,0.628099173553719,0.47648902821316613,0.0,0.7375925506805909,0.6278026905829597,0.445859872611465,0.6077708324419248,0.5939091869843786,256,256,128,noperm,0.001,100,128,256,5,None,19
0.0,0.761985906813493,0.6974358974358974,0.4263322884012539,0.0,0.7684266114865228,0.735632183908046,0.40764331210191085,0.6549364914901548,0.6512901167257497,256,256,512,noperm,0.001,100,512,256,5,None,20
0.0,0.7581437719368754,0.6847290640394089,0.43573667711598746,0.0,0.7351676420188173,0.639344262295082,0.37261146496815284,0.6454927915657493,0.6247779485223526,256,256,128,noperm,0.001,100,128,256,5,None,original_with_attention,1
0.0,0.7573506952817298,0.664,0.5203761755485894,0.0,0.7387511181523273,0.6266094420600858,0.46496815286624205,0.6468278589619848,0.6277900918942229,256,64,128,noperm,0.001,100,128,256,5,None,original_with_attention,1
0.0,0.7495217426251909,0.6313559322033898,0.4670846394984326,0.0,0.7241747227521097,0.6238095238095238,0.4171974522292994,0.6333305765480841,0.6038135857675111,256,64,128,noperm,0.001,100,128,256,5,None,original_with_attention,2
0.0,0.7549607480641963,0.6712962962962963,0.45454545454545453,0.0,0.7309321348895859,0.6323529411764706,0.410828025477707,0.64418229654366,0.6093227859476507,256,64,128,noperm,0.001,100,128,256,5,None,original_with_attention,3
0.0,0.7611338852718161,0.7064676616915423,0.445141065830721,0.0,0.7422968734844322,0.651685393258427,0.36942675159235666,0.6509765235095735,0.6332506026545475,256,64,128,noperm,0.001,100,128,256,5,None,original_with_attention,4
0.0,0.7589850762264554,0.6273062730627307,0.5329153605015674,0.0,0.7371668444933019,0.6061776061776062,0.5,0.6460375772277711,0.6256782191631176,256,64,128,noperm,0.001,100,128,256,5,None,original_with_attention,5
0.0,0.7610749403852851,0.6567796610169492,0.48589341692789967,0.0,0.739742636360697,0.6121495327102804,0.4171974522292994,0.6473813291494634,0.6306048068566553,256,64,128,noperm,0.001,100,128,256,5,None,original_with_attention,6
0.0,0.7504809366878333,0.710691823899371,0.3542319749216301,0.0,0.7221809089635401,0.6666666666666666,0.2929936305732484,0.6262807709428638,0.6031983859001213,256,64,128,noperm,0.001,100,128,256,5,None,original_with_attention,7
0.0,0.7576829300967232,0.6767676767676768,0.4200626959247649,0.0,0.7353562460258443,0.6568047337278107,0.3535031847133758,0.6432139243443982,0.6271780131633395,256,64,128,noperm,0.001,100,128,256,5,None,original_with_attention,8
0.0,0.7538622297242987,0.6094890510948905,0.5235109717868338,0.0,0.7349035964089797,0.59765625,0.4872611464968153,0.6436053335484547,0.6233526626503846,256,64,128,noperm,0.001,100,128,256,5,None,original_with_attention,9
0.0,0.7551697344800794,0.5980066445182725,0.5642633228840125,0.0,0.7316811622317781,0.5655172413793104,0.5222929936305732,0.6385729387597071,0.6126599613432167,256,64,128,noperm,0.001,100,128,256,5,None,original_with_attention,10
0.0,0.7583956273611446,0.6047297297297297,0.5611285266457681,0.0,0.7411167512690355,0.6111111111111112,0.5254777070063694,0.6479562785481157,0.6336705769140454,256,128,128,noperm,0.001,100,128,256,5,None,original_with_attention,11
0.0,0.7589743589743589,0.61,0.5736677115987461,0.0,0.7356095142638516,0.5694444444444444,0.5222929936305732,0.6519799349403264,0.6245566733910057,256,128,128,noperm,0.001,100,128,256,5,None,original_with_attention,12
0.0,0.7598799667765185,0.652542372881356,0.4827586206896552,0.0,0.7393600396607285,0.6175115207373272,0.4267515923566879,0.6523060055514792,0.6334671350347585,256,128,128,noperm,0.001,100,128,256,5,None,original_with_attention,13
0.0,0.7328081879806019,0.5928853754940712,0.4702194357366771,0.0,0.7181798096716134,0.6071428571428571,0.43312101910828027,0.6032861518605657,0.5879946060758083,256,128,128,noperm,0.001,100,128,256,5,None,original_with_attention,14
0.0,0.7394850360367601,0.6923076923076923,0.3103448275862069,0.0,0.7130255315938655,0.6764705882352942,0.2929936305732484,0.6106398504842553,0.580246919541045,256,128,128,noperm,0.001,100,128,256,5,None,original_with_attention,15
0.0,0.7616108029901133,0.7157894736842105,0.4263322884012539,0.0,0.7392738206860875,0.6609195402298851,0.3662420382165605,0.6436680584382983,0.6247945263452326,256,128,128,noperm,0.001,100,128,256,5,None,original_with_attention,16
0.0,0.7533585188757602,0.63671875,0.5109717868338558,0.0,0.7322200308232835,0.5991735537190083,0.46178343949044587,0.6346781551280366,0.6160732273236497,256,128,128,noperm,0.001,100,128,256,5,None,original_with_attention,17
0.0,0.759944270289098,0.6666666666666666,0.4890282131661442,0.0,0.7368381346524836,0.6093023255813953,0.4171974522292994,0.6554027437091019,0.6248570660714172,256,128,128,noperm,0.001,100,128,256,5,None,original_with_attention,18
0.0,0.7564022184711839,0.62882096069869,0.45141065830721006,0.0,0.7350383135568561,0.624390243902439,0.40764331210191085,0.6399924121386988,0.6193796357260013,256,128,128,noperm,0.001,100,128,256,5,None,original_with_attention,19
0.0,0.7555555555555556,0.6521739130434783,0.4231974921630094,0.0,0.7327319559852135,0.6521739130434783,0.3821656050955414,0.6367046330944522,0.6121777992179142,256,128,128,noperm,0.001,100,128,256,5,None,original_with_attention,20
0.0,0.7529030356616565,0.6789473684210526,0.4043887147335423,0.0,0.7247351460872751,0.6794871794871795,0.3375796178343949,0.6307437996383896,0.6069731146103784,256,256,128,noperm,0.001,100,128,256,5,None,original_with_attention,21
0.0,0.7599871392974842,0.6483050847457628,0.47962382445141066,0.0,0.7390421071917402,0.6220095693779905,0.4140127388535032,0.6489706302901729,0.6225605857279651,256,256,128,noperm,0.001,100,128,256,5,None,original_with_attention,22
0.0,0.7590279452348418,0.6864864864864865,0.3981191222570533,0.0,0.7368273572806535,0.6835443037974683,0.34394904458598724,0.6481760958311877,0.6293172030581512,256,256,128,noperm,0.001,100,128,256,5,None,original_with_attention,23
0.0,0.7565147496181979,0.6521739130434783,0.4702194357366771,0.0,0.7359490014764999,0.6585365853658537,0.4299363057324841,0.6486973095035518,0.6289508304442444,256,256,128,noperm,0.001,100,128,256,5,None,original_with_attention,24
0.0,0.7537389813251882,0.6076388888888888,0.54858934169279,0.0,0.7366441419595418,0.6030534351145038,0.5031847133757962,0.6380364584393061,0.6302135281572372,256,256,128,noperm,0.001,100,128,256,5,None,original_with_attention,25
0.0,0.7605980226669883,0.6097560975609756,0.54858934169279,0.0,0.7381691400735018,0.5910780669144982,0.5063694267515924,0.6533085289557278,0.6289663749074934,256,256,128,noperm,0.001,100,128,256,5,None,original_with_attention,26
0.0,0.7569434397020603,0.6637554585152838,0.47648902821316613,0.0,0.7328882278767499,0.6368159203980099,0.40764331210191085,0.6408703970972504,0.6216686329059053,256,256,128,noperm,0.001,100,128,256,5,None,original_with_attention,27
0.0,0.7509364199019372,0.6565217391304348,0.47335423197492166,0.0,0.7223102374255013,0.6169154228855721,0.39490445859872614,0.6367839831803564,0.6009168059564391,256,256,128,noperm,0.001,100,128,256,5,None,original_with_attention,28
0.0,0.7586849931677518,0.6712328767123288,0.4608150470219436,0.0,0.7420974921055752,0.6231155778894473,0.39490445859872614,0.6461493294770911,0.6348380701802587,256,256,128,noperm,0.001,100,128,256,5,None,original_with_attention,29
0.0,0.7611446025239129,0.6584362139917695,0.5015673981191222,0.0,0.7424585340618837,0.6284403669724771,0.43630573248407645,0.6598915674253598,0.6411332230395821,256,256,128,noperm,0.001,100,128,256,5,None,original_with_attention,30
0.0,0.7597781528816011,0.6437246963562753,0.49843260188087773,0.0,0.7505361742485477,0.6285714285714286,0.49044585987261147,0.6490788302606509,0.6583749302085369,256,64,256,noperm,0.001,100,256,256,5,None,original_with_attention,31
0.0,0.773131848993918,0.6511627906976745,0.5266457680250783,0.0,0.7588401392436439,0.6567796610169492,0.49363057324840764,0.6640372167644604,0.6604651878134044,256,64,256,noperm,0.001,100,256,256,5,None,original_with_attention,32
0.0,0.7770597218873081,0.6853448275862069,0.49843260188087773,0.0,0.7589209695323699,0.680952380952381,0.4554140127388535,0.6719237047463875,0.6633966477966002,256,64,256,noperm,0.001,100,256,256,5,None,original_with_attention,33
0.0,0.7682019130294991,0.6550387596899225,0.5297805642633229,0.0,0.7305980363628526,0.6190476190476191,0.4554140127388535,0.654547795784956,0.6343501713640418,256,64,256,noperm,0.001,100,256,256,5,None,original_with_attention,34
0.0,0.7763202314926453,0.7515151515151515,0.3887147335423197,0.0,0.7556769806115081,0.75,0.34394904458598724,0.6777077937235862,0.6584951193990837,256,64,256,noperm,0.001,100,256,256,5,None,original_with_attention,35
0.0,0.7455777938536559,0.6697674418604651,0.45141065830721006,0.0,0.6891051548169463,0.5851063829787234,0.3503184713375796,0.6286409783016387,0.5826286024274169,256,64,256,noperm,0.001,100,256,256,5,None,original_with_attention,36
0.0,0.7485839830667418,0.645021645021645,0.4670846394984326,0.0,0.7272624397814349,0.6386138613861386,0.410828025477707,0.6394812303715183,0.6159195753399181,256,64,256,noperm,0.001,100,256,256,5,None,original_with_attention,37
0.0,0.775382471934196,0.6991150442477876,0.4952978056426332,0.0,0.7661040878571351,0.6495327102803738,0.4426751592356688,0.6607080575052675,0.6753277600811981,256,64,256,noperm,0.001,100,256,256,5,None,original_with_attention,38
0.0,0.7511186131875788,0.5604395604395604,0.6394984326018809,0.0,0.7543944733637256,0.5826086956521739,0.6401273885350318,0.6577653079154023,0.6526631090232327,256,64,256,noperm,0.001,100,256,256,5,None,original_with_attention,39
0.0,0.7765988800471559,0.7282051282051282,0.445141065830721,0.0,0.7538933255736257,0.7125748502994012,0.37898089171974525,0.6693335402827005,0.6572231235662797,256,64,256,noperm,0.001,100,256,256,5,None,original_with_attention,40
0.0,0.768100099134582,0.6842105263157895,0.4482758620689655,0.0,0.7568624915128197,0.6871794871794872,0.4267515923566879,0.6655690489114908,0.6572346704002144,256,128,256,noperm,0.001,100,256,256,5,None,original_with_attention,41
0.0,0.7752592235350856,0.73,0.45768025078369906,0.0,0.7611087760138812,0.6944444444444444,0.3980891719745223,0.6784962420285146,0.6642923729089583,256,128,256,noperm,0.001,100,256,256,5,None,original_with_attention,42
0.0,0.7611017335155267,0.6470588235294118,0.5172413793103449,0.0,0.7438003168547318,0.6607142857142857,0.4713375796178344,0.6583923454690928,0.6419494069053849,256,128,256,noperm,0.001,100,256,256,5,None,original_with_attention,43
0.0,0.7464941189079121,0.5946843853820598,0.5611285266457681,0.0,0.7190231390173192,0.5938697318007663,0.49363057324840764,0.6234703665071973,0.6059112449696271,256,128,256,noperm,0.001,100,256,256,5,None,original_with_attention,44
0.0,0.7577204404790612,0.6859903381642513,0.445141065830721,0.0,0.7398773535085734,0.6844919786096256,0.40764331210191085,0.6482892528206206,0.6415070272055003,256,128,256,noperm,0.001,100,256,256,5,None,original_with_attention,45
0.0,0.7672105672105672,0.6557377049180327,0.5015673981191222,0.0,0.7492051688275296,0.6403508771929824,0.46496815286624205,0.6656384400594667,0.6451488966953423,256,128,256,noperm,0.001,100,256,256,5,None,original_with_attention,46
0.0,0.766883691021622,0.7532467532467533,0.36363636363636365,0.0,0.7454277000010777,0.6986301369863014,0.3248407643312102,0.6663648655961514,0.6525493295097693,256,128,256,noperm,0.001,100,256,256,5,None,original_with_attention,47
0.0,0.7586582000375104,0.735632183908046,0.4012539184952978,0.0,0.7421406015928956,0.6967741935483871,0.34394904458598724,0.6549834386590682,0.6360577758328655,256,128,256,noperm,0.001,100,256,256,5,None,original_with_attention,48
0.0,0.7635988532540257,0.7662337662337663,0.36990595611285265,0.0,0.7422214318816214,0.717391304347826,0.31528662420382164,0.6702593407554024,0.6402267617259036,256,128,256,noperm,0.001,100,256,256,5,None,original_with_attention,49
0.0,0.7722262411917584,0.8016528925619835,0.30407523510971785,0.0,0.751780960694925,0.7924528301886793,0.267515923566879,0.6754030878216445,0.6606427398555875,256,128,256,noperm,0.001,100,256,256,5,None,original_with_attention,50
0.0,0.7594834284489457,0.6254681647940075,0.5235109717868338,0.0,0.7405994374211905,0.6307053941908713,0.4840764331210191,0.6494888672032642,0.6435584499457614,256,256,256,noperm,0.001,100,256,256,5,None,original_with_attention,51
0.0,0.7651421375559307,0.6513409961685823,0.5329153605015674,0.0,0.7504337892161617,0.6239669421487604,0.48089171974522293,0.6754016204921962,0.6518779158330367,256,256,256,noperm,0.001,100,256,256,5,None,original_with_attention,52
0.0,0.7742839535942985,0.714975845410628,0.46394984326018807,0.0,0.7579025078944248,0.6752577319587629,0.4171974522292994,0.6737374143810708,0.6558193364344694,256,256,256,noperm,0.001,100,256,256,5,None,original_with_attention,53
0.0,0.7743750502371192,0.6334519572953736,0.5579937304075235,0.0,0.7589694677056054,0.61003861003861,0.5031847133757962,0.6766422066525128,0.6642885163553729,256,256,256,noperm,0.001,100,256,256,5,None,original_with_attention,54
0.0,0.7525600835945664,0.773109243697479,0.2884012539184953,0.0,0.725031523812603,0.7280701754385965,0.2643312101910828,0.6434601548587746,0.6217241325343081,256,256,256,noperm,0.001,100,256,256,5,None,original_with_attention,55
0.0,0.7666907804838838,0.7164948453608248,0.43573667711598746,0.0,0.7510642654682229,0.718562874251497,0.3821656050955414,0.6678258676121572,0.6609490541137767,256,256,256,noperm,0.001,100,256,256,5,None,original_with_attention,56
0.0,0.766690780483884,0.640625,0.5141065830721003,0.0,0.7467937318805435,0.665158371040724,0.4681528662420382,0.6635316848547007,0.6472176610837046,256,256,256,noperm,0.001,100,256,256,5,None,original_with_attention,57
0.0,0.7641507917369985,0.60062893081761,0.5987460815047022,0.0,0.746273723689741,0.6263345195729537,0.5605095541401274,0.6692993624750573,0.6484288855797191,256,256,256,noperm,0.001,100,256,256,5,None,original_with_attention,58
0.0,0.7449776277362483,0.5935483870967742,0.5768025078369906,0.0,0.7174765861596992,0.5880149812734082,0.5,0.6282919984847881,0.610417321838896,256,256,256,noperm,0.001,100,256,256,5,None,original_with_attention,59
0.0,0.7690003483106931,0.6768558951965066,0.48589341692789967,0.0,0.7532682380074794,0.6666666666666666,0.45222929936305734,0.6733462274322288,0.6572811052297513,256,256,256,noperm,0.001,100,256,256,5,None,original_with_attention,60
0.0,0.7335048093668783,0.5671641791044776,0.5956112852664577,0.0,0.7063004515718797,0.546583850931677,0.5605095541401274,0.6170536586516886,0.5813890827528648,256,64,512,noperm,0.001,100,512,256,5,None,original_with_attention,61
0.0,0.7570988398574605,0.6929824561403509,0.4952978056426332,0.0,0.7594167286365547,0.6774193548387096,0.4681528662420382,0.658910308559261,0.6525050931191266,256,64,512,noperm,0.001,100,512,256,5,None,original_with_attention,62
0.0,0.7469335262438711,0.6359447004608295,0.43260188087774293,0.0,0.7292346988263443,0.6226415094339622,0.42038216560509556,0.6172528707823899,0.602375254879258,256,64,512,noperm,0.001,100,512,256,5,None,original_with_attention,63
0.0,0.719226750261233,0.5762081784386617,0.48589341692789967,0.0,0.687178699602315,0.5473684210526316,0.4968152866242038,0.5720588812471266,0.5402509134639846,256,64,512,noperm,0.001,100,512,256,5,None,original_with_attention,64
0.0,0.7641293572328055,0.6954314720812182,0.42946708463949845,0.0,0.761593757746236,0.6683937823834197,0.410828025477707,0.6549102514594887,0.6562776135413158,256,64,512,noperm,0.001,100,512,256,5,None,original_with_attention,65
0.0,0.776904321731908,0.6867469879518072,0.5360501567398119,0.0,0.7675590330541995,0.6163265306122448,0.48089171974522293,0.6697534811183522,0.6563111641648223,256,64,512,noperm,0.001,100,512,256,5,None,original_with_attention,66
0.0,0.7623181416284863,0.7378048780487805,0.3793103448275862,0.0,0.7472894909847285,0.6858974358974359,0.34076433121019106,0.6619227191547762,0.6384494933104718,256,64,512,noperm,0.001,100,512,256,5,None,original_with_attention,67
0.0,0.7569380810760121,0.6834862385321101,0.4670846394984326,0.0,0.7419088880985483,0.6494845360824743,0.4012738853503185,0.6583642924598776,0.6299634029944101,256,64,512,noperm,0.001,100,512,256,5,None,original_with_attention,68
0.0,0.7639525225732122,0.6745283018867925,0.4482758620689655,0.0,0.7596430534449868,0.6701030927835051,0.4140127388535032,0.6626836508195677,0.6581258575190585,256,64,512,noperm,0.001,100,512,256,5,None,original_with_attention,69
0.0,0.7722423170699032,0.6517857142857143,0.45768025078369906,0.0,0.7473299061290914,0.6116504854368932,0.4012738853503185,0.6523800425108646,0.6354089458169306,256,64,512,noperm,0.001,100,512,256,5,None,original_with_attention,70
0.0,0.7273263135332101,0.6313559322033898,0.4670846394984326,0.0,0.7115490316531412,0.6132075471698113,0.4140127388535032,0.6224281186754109,0.5956768707486926,256,128,512,noperm,0.001,100,512,256,5,None,original_with_attention,71
0.0,0.7424965838758942,0.6994535519125683,0.4012539184952978,0.0,0.7197048077855734,0.6568047337278107,0.3535031847133758,0.6246060207284208,0.6048754160623875,256,128,512,noperm,0.001,100,512,256,5,None,original_with_attention,72
0.0,0.7733194009056078,0.6551724137931034,0.5360501567398119,0.0,0.7557308674706585,0.6419753086419753,0.4968152866242038,0.6775403226554526,0.6483012268490368,256,128,512,noperm,0.001,100,512,256,5,None,original_with_attention,73
0.0,0.7532459877287463,0.6294642857142857,0.44200626959247646,0.0,0.742178322394301,0.6422018348623854,0.445859872611465,0.6309547765463996,0.6140504287756858,256,128,512,noperm,0.001,100,512,256,5,None,original_with_attention,74
0.0,0.7612571336709267,0.6268656716417911,0.5266457680250783,0.0,0.7506547253386789,0.6330645161290323,0.5,0.6423126926308321,0.6346233426813466,256,128,512,noperm,0.001,100,512,256,5,None,original_with_attention,75
0.0,0.7723066205824826,0.7183908045977011,0.39184952978056425,0.0,0.7578540097211894,0.69375,0.3535031847133758,0.6677368677324094,0.6482288716958517,256,128,512,noperm,0.001,100,512,256,5,None,original_with_attention,76
0.0,0.7160142539452885,0.6526315789473685,0.19435736677115986,0.0,0.6941112440320304,0.6410256410256411,0.23885350318471338,0.5667869482611021,0.5632652634738583,256,128,512,noperm,0.001,100,512,256,5,None,original_with_attention,77
0.0,0.7349087693915279,0.6837209302325581,0.4608150470219436,0.0,0.7017308459159148,0.6417112299465241,0.3821656050955414,0.6453582601373371,0.6163352418832011,256,128,512,noperm,0.001,100,512,256,5,None,original_with_attention,78
0.0,0.7704203842134877,0.7157360406091371,0.44200626959247646,0.0,0.7646141162016231,0.6629213483146067,0.37579617834394907,0.6691115541914666,0.6483641505737195,256,128,512,noperm,0.001,100,512,256,5,None,original_with_attention,79
0.0,0.7259705811429948,0.6974789915966386,0.2601880877742947,0.0,0.7159569767316543,0.6850393700787402,0.2770700636942675,0.6137519809058648,0.5930513276683274,256,128,512,noperm,0.001,100,512,256,5,None,original_with_attention,80
0.0,0.756439728853522,0.6454183266932271,0.5078369905956113,0.0,0.7446571179152253,0.60546875,0.49363057324840764,0.6456524108098178,0.6159963577798842,256,256,512,noperm,0.001,100,512,256,5,None,original_with_attention,81
0.0,0.7710419848350882,0.7,0.438871473354232,0.0,0.7437652903962839,0.664804469273743,0.37898089171974525,0.6632419574439712,0.6194209077521259,256,256,512,noperm,0.001,100,512,256,5,None,original_with_attention,82
0.0,0.758288454840179,0.618421052631579,0.5893416927899686,0.0,0.7453684244560121,0.6006944444444444,0.5509554140127388,0.6533688522292721,0.6297073814298635,256,256,512,noperm,0.001,100,512,256,5,None,original_with_attention,83
0.0,0.7512311443345926,0.5960264900662252,0.5642633228840125,0.0,0.7379482039509845,0.5958188153310104,0.5445859872611465,0.6394816158946709,0.6226230952193138,256,256,512,noperm,0.001,100,512,256,5,None,original_with_attention,84
0.0,0.7515901722798275,0.5862068965517241,0.5862068965517241,0.0,0.7408230678866652,0.559375,0.5700636942675159,0.641171051842471,0.6091921335966108,256,256,512,noperm,0.001,100,512,256,5,None,original_with_attention,85
0.0,0.7738499048843877,0.6968325791855203,0.4827586206896552,0.0,0.7662199446043088,0.6435185185185185,0.4426751592356688,0.6595580549729965,0.6629740946281102,256,256,512,noperm,0.001,100,512,256,5,None,original_with_attention,86
0.0,0.7540444230099402,0.6129032258064516,0.5360501567398119,0.0,0.7358789485596042,0.5678571428571428,0.5063694267515924,0.6381853801039339,0.6085602072001709,256,256,512,noperm,0.001,100,512,256,5,None,original_with_attention,87
0.0,0.7538943814805884,0.732484076433121,0.3605015673981191,0.0,0.7256943321801546,0.7441860465116279,0.3057324840764331,0.6590171229391886,0.6445351447659959,256,256,512,noperm,0.001,100,512,256,5,None,original_with_attention,88
0.0,0.7526511802373872,0.64453125,0.5172413793103449,0.0,0.7380990871566059,0.6196581196581197,0.46178343949044587,0.6425733219828448,0.6060039575417011,256,256,512,noperm,0.001,100,512,256,5,None,original_with_attention,89
0.0,0.7659459314631729,0.6221498371335505,0.5987460815047022,0.0,0.7549872288143813,0.6048951048951049,0.5509554140127388,0.659040497833973,0.6366029325681011,256,256,512,noperm,0.001,100,512,256,5,None,original_with_attention,90
0.0,0.7794871794871795,0.6627906976744186,0.5360501567398119,0.0,0.7733788138424563,0.6551724137931034,0.4840764331210191,0.6615354015697609,0.6714494646881926,256,64,512,noperm,0.001,100,512,256,5,None,original_with_vanilla_gru,1
0.0,0.7802856147683734,0.6761133603238867,0.5235109717868338,0.0,0.7720478084214383,0.672566371681416,0.4840764331210191,0.664745606761007,0.6660193635377858,256,64,512,noperm,0.001,100,512,256,5,None,original_with_vanilla_gru,2
0.0,0.7771159874608151,0.6468401486988847,0.5454545454545454,0.0,0.7698276698244365,0.6197718631178707,0.5191082802547771,0.6690171052071285,0.6698405741983499,256,64,512,noperm,0.001,100,512,256,5,None,original_with_vanilla_gru,3
0.0,0.7753235270476649,0.7038834951456311,0.45454545454545453,0.0,0.7720855292228438,0.6855670103092784,0.42356687898089174,0.6656086311091054,0.6663087924502074,256,64,512,noperm,0.001,100,512,256,5,None,original_with_vanilla_gru,4
0.0,0.7815020228813332,0.7043478260869566,0.5078369905956113,0.0,0.7716328796059793,0.6859903381642513,0.45222929936305734,0.6732695030224907,0.6754279098095344,256,64,512,noperm,0.001,100,512,256,5,None,original_with_vanilla_gru,5
0.0,0.7707204672721913,0.6512605042016807,0.48589341692789967,0.0,0.7681948979921756,0.6755555555555556,0.4840764331210191,0.6488912248954776,0.6682507327767699,256,64,512,noperm,0.001,100,512,256,5,None,original_with_vanilla_gru,6
0.0,0.7748144575730782,0.6423357664233577,0.5517241379310345,0.0,0.7707114143145053,0.6363636363636364,0.535031847133758,0.6528072326597542,0.6732633072795328,256,64,512,noperm,0.001,100,512,256,5,None,original_with_vanilla_gru,7
0.0,0.7782439782439782,0.6986301369863014,0.47962382445141066,0.0,0.7702587646976409,0.678391959798995,0.4299363057324841,0.6714545845456263,0.6692205747316801,256,64,512,noperm,0.001,100,512,256,5,None,original_with_vanilla_gru,8
0.0,0.7771802909733945,0.6893617021276596,0.5078369905956113,0.0,0.7664543524416135,0.660377358490566,0.445859872611465,0.665327705372234,0.666875165351748,256,64,512,noperm,0.001,100,512,256,5,None,original_with_vanilla_gru,9
0.0,0.7744929400101814,0.6916299559471366,0.49216300940438873,0.0,0.7698330585103518,0.6589861751152074,0.4554140127388535,0.6628351875359658,0.6679888527078518,256,64,512,noperm,0.001,100,512,256,5,None,original_with_vanilla_gru,10
0.0,0.7756343273584653,0.6732283464566929,0.5360501567398119,0.0,0.771401166111632,0.6378600823045267,0.49363057324840764,0.6692290888548552,0.6706609285909347,256,128,512,noperm,0.001,100,512,256,5,None,original_with_vanilla_gru,11
0.0,0.7647831096106958,0.6754385964912281,0.4827586206896552,0.0,0.7649886298727193,0.6650943396226415,0.44904458598726116,0.6536414169712956,0.6589113640580839,256,128,512,noperm,0.001,100,512,256,5,None,original_with_vanilla_gru,12
0.0,0.771245612624923,0.65,0.5297805642633229,0.0,0.7626499401855863,0.6300813008130082,0.49363057324840764,0.6543584819711352,0.6577908810586625,256,128,512,noperm,0.001,100,512,256,5,None,original_with_vanilla_gru,13
0.0,0.77309433861158,0.6894977168949772,0.47335423197492166,0.0,0.7721070839665038,0.6818181818181818,0.4299363057324841,0.660291922456002,0.6609254108230755,256,128,512,noperm,0.001,100,512,256,5,None,original_with_vanilla_gru,14
0.0,0.7711598746081505,0.6482213438735178,0.5141065830721003,0.0,0.7719993102482029,0.6422413793103449,0.4745222929936306,0.6653212120636864,0.6693041314359897,256,128,512,noperm,0.001,100,512,256,5,None,original_with_vanilla_gru,15
0.0,0.7684966374621547,0.6463878326996197,0.5329153605015674,0.0,0.7647084182051366,0.6296296296296297,0.4872611464968153,0.6619747156664976,0.6427341872092232,256,128,512,noperm,0.001,100,512,256,5,None,original_with_vanilla_gru,16
0.0,0.766503228572194,0.6915887850467289,0.46394984326018807,0.0,0.7663977712395055,0.6919191919191919,0.43630573248407645,0.6540264979824518,0.6545630893318405,256,128,512,noperm,0.001,100,512,256,5,None,original_with_vanilla_gru,17
0.0,0.7711277228518608,0.6451612903225806,0.5015673981191222,0.0,0.7646383652882408,0.6406926406926406,0.4713375796178344,0.6542004917694857,0.6592735181188776,256,128,512,noperm,0.001,100,512,256,5,None,original_with_vanilla_gru,18
0.0,0.7730568282292419,0.6782608695652174,0.4890282131661442,0.0,0.7626849666440343,0.6533333333333333,0.4681528662420382,0.6684789860731497,0.670218420365272,256,128,512,noperm,0.001,100,512,256,5,None,original_with_vanilla_gru,19
0.0,0.7616858237547893,0.680365296803653,0.4670846394984326,0.0,0.7581396100746872,0.6600985221674877,0.4267515923566879,0.6415085118839208,0.6296667417531474,256,128,512,noperm,0.001,100,512,256,5,None,original_with_vanilla_gru,20
0.0,0.7620716448302656,0.65,0.4482758620689655,0.0,0.7637600094840873,0.6616161616161617,0.4171974522292994,0.6605192582677967,0.6337007211732567,256,256,512,noperm,0.001,100,512,256,5,None,original_with_vanilla_gru,21
0.0,0.7663906974251802,0.6506024096385542,0.5078369905956113,0.0,0.7641749382995462,0.6578947368421053,0.47770700636942676,0.663699525184471,0.6520512357177991,256,256,512,noperm,0.001,100,512,256,5,None,original_with_vanilla_gru,22
0.0,0.7602389947217533,0.670995670995671,0.48589341692789967,0.0,0.7584844859732506,0.6284403669724771,0.43630573248407645,0.643408305734176,0.6406678898903544,256,256,512,noperm,0.001,100,512,256,5,None,original_with_vanilla_gru,23
0.0,0.7640489778420814,0.6829268292682927,0.5266457680250783,0.0,0.7558440298748746,0.6239669421487604,0.48089171974522293,0.6305033555250477,0.6093265002172337,256,256,512,noperm,0.001,100,512,256,5,None,original_with_vanilla_gru,24
0.0,0.7657208691691451,0.677570093457944,0.45454545454545453,0.0,0.765856208305043,0.6585365853658537,0.4299363057324841,0.6422508866659249,0.6473393329223656,256,256,512,noperm,0.001,100,512,256,5,None,original_with_vanilla_gru,25
0.0,0.7698095008439836,0.6456140350877193,0.5768025078369906,0.0,0.7624667248644745,0.6106870229007634,0.5095541401273885,0.6520974813726704,0.63612874652511,256,256,512,noperm,0.001,100,512,256,5,None,original_with_vanilla_gru,26
0.0,0.7637060257749912,0.683982683982684,0.4952978056426332,0.0,0.7561511849720328,0.6431924882629108,0.43630573248407645,0.6533089215153942,0.6527899909932653,256,256,512,noperm,0.001,100,512,256,5,None,original_with_vanilla_gru,27
0.0,0.760823084961016,0.6468401486988847,0.5454545454545454,0.0,0.7618631920419887,0.636,0.5063694267515924,0.6600622412399767,0.6475527111732476,256,256,512,noperm,0.001,100,512,256,5,None,original_with_vanilla_gru,28
0.0,0.7626075074350936,0.6769911504424779,0.47962382445141066,0.0,0.7697845603371161,0.6780487804878049,0.4426751592356688,0.6579856212656486,0.6516454608536492,256,256,512,noperm,0.001,100,512,256,5,None,original_with_vanilla_gru,29
0.0,0.7700667148943011,0.6808510638297872,0.5015673981191222,0.0,0.756285902119909,0.625,0.445859872611465,0.6420550614885286,0.6245697340016845,256,256,512,noperm,0.001,100,512,256,5,None,original_with_vanilla_gru,30
0.0,0.7559467352570801,0.6377952755905512,0.5078369905956113,0.0,0.7475831743670988,0.6182572614107884,0.4745222929936306,0.6182511901380698,0.6220833138223146,256,64,128,noperm,0.001,100,128,256,5,None,original_with_vanilla_gru,31
0.0,0.7558663558663559,0.6384976525821596,0.4263322884012539,0.0,0.746376108722127,0.6455026455026455,0.3885350318471338,0.6248094357426076,0.6180653490457709,256,64,128,noperm,0.001,100,128,256,5,None,original_with_vanilla_gru,32
0.0,0.7586260482812207,0.6356589147286822,0.5141065830721003,0.0,0.7484723075430825,0.6137339055793991,0.4554140127388535,0.6239620948799154,0.6208553267537091,256,64,128,noperm,0.001,100,128,256,5,None,original_with_vanilla_gru,33
0.0,0.7535246362832569,0.6492890995260664,0.42946708463949845,0.0,0.7494261049500468,0.6521739130434783,0.3821656050955414,0.6164099011057975,0.6277486610259568,256,64,128,noperm,0.001,100,128,256,5,None,original_with_vanilla_gru,34
0.0,0.7564075770972323,0.6254980079681275,0.49216300940438873,0.0,0.7432237274618212,0.6108597285067874,0.4299363057324841,0.628277757866617,0.6204425219524374,256,64,128,noperm,0.001,100,128,256,5,None,original_with_vanilla_gru,35
0.0,0.7504702194357367,0.6330275229357798,0.43260188087774293,0.0,0.7511558731287789,0.6530612244897959,0.40764331210191085,0.6140372124748579,0.6229122787064105,256,64,128,noperm,0.001,100,128,256,5,None,original_with_vanilla_gru,36
0.0,0.7545106234761407,0.630901287553648,0.4608150470219436,0.0,0.7456863569250002,0.627906976744186,0.4299363057324841,0.6157553849808747,0.6148816217298589,256,64,128,noperm,0.001,100,128,256,5,None,original_with_vanilla_gru,37
0.0,0.7567237360340808,0.6906077348066298,0.39184952978056425,0.0,0.7443553515039822,0.6923076923076923,0.34394904458598724,0.626504553360749,0.6223443292596418,256,64,128,noperm,0.001,100,128,256,5,None,original_with_vanilla_gru,38
0.0,0.7536907536907538,0.6296296296296297,0.47962382445141066,0.0,0.7448026124349316,0.6285714285714286,0.42038216560509556,0.6202331495374245,0.6214460796169099,256,64,128,noperm,0.001,100,128,256,5,None,original_with_vanilla_gru,39
0.0,0.7543123543123543,0.6451612903225806,0.5015673981191222,0.0,0.7429542931660684,0.618421052631579,0.44904458598726116,0.6123954579279183,0.6181568998501268,256,64,128,noperm,0.001,100,128,256,5,None,original_with_vanilla_gru,40
0.0,0.7478927203065135,0.6470588235294118,0.3793103448275862,0.0,0.7427387457294664,0.6374269005847953,0.3471337579617834,0.6072291606879477,0.6064574113682862,256,128,128,noperm,0.001,100,128,256,5,None,original_with_vanilla_gru,41
0.0,0.7463065669962223,0.6407766990291263,0.41379310344827586,0.0,0.7348982077230646,0.6505376344086021,0.3853503184713376,0.6160450654185401,0.6135113342252594,256,128,128,noperm,0.001,100,128,256,5,None,original_with_vanilla_gru,42
0.0,0.7513008064732203,0.6703296703296703,0.3824451410658307,0.0,0.7428411307618525,0.6748466257668712,0.3503184713375796,0.6168584384342228,0.6120795698700756,256,128,128,noperm,0.001,100,128,256,5,None,original_with_vanilla_gru,43
0.0,0.7511400476917719,0.636,0.49843260188087773,0.0,0.741978941015444,0.6211453744493393,0.44904458598726116,0.6226068571633104,0.6116034995598475,256,128,128,noperm,0.001,100,128,256,5,None,original_with_vanilla_gru,44
0.0,0.7532406291026981,0.6355555555555555,0.4482758620689655,0.0,0.7441182493237198,0.6213592233009708,0.40764331210191085,0.6244397730909887,0.6183101087494917,256,128,128,noperm,0.001,100,128,256,5,None,original_with_vanilla_gru,45
0.0,0.7503148192803365,0.6297709923664122,0.5172413793103449,0.0,0.7493506633472362,0.6169354838709677,0.4872611464968153,0.6182033940483667,0.6236731503624708,256,128,128,noperm,0.001,100,128,256,5,None,original_with_vanilla_gru,46
0.0,0.7483910725290036,0.6174242424242424,0.5109717868338558,0.0,0.7420759373619149,0.6059322033898306,0.4554140127388535,0.60209184810488,0.6097804517019759,256,128,128,noperm,0.001,100,128,256,5,None,original_with_vanilla_gru,47
0.0,0.75251721458618,0.6513761467889908,0.445141065830721,0.0,0.7435793807322146,0.6507936507936508,0.39171974522292996,0.6272688406285697,0.6206672233677687,256,128,128,noperm,0.001,100,128,256,5,None,original_with_vanilla_gru,48
0.0,0.7514937170109585,0.6468085106382979,0.47648902821316613,0.0,0.7379266492073242,0.6129032258064516,0.42356687898089174,0.6216895947821177,0.6156027192342313,256,128,128,noperm,0.001,100,128,256,5,None,original_with_vanilla_gru,49
0.0,0.7512793719690272,0.6444444444444445,0.45454545454545453,0.0,0.744123638009635,0.6172248803827751,0.410828025477707,0.6238686393271115,0.6222965934843168,256,128,128,noperm,0.001,100,128,256,5,None,original_with_vanilla_gru,50
0.0,0.7435147228250677,0.6123188405797102,0.5297805642633229,0.0,0.7372530634679427,0.594488188976378,0.48089171974522293,0.5988185884605995,0.6030064957618044,256,256,128,noperm,0.001,100,128,256,5,None,original_with_vanilla_gru,51
0.0,0.7562789700720736,0.6738197424892703,0.49216300940438873,0.0,0.7456701908672551,0.6082949308755761,0.42038216560509556,0.6107963585968372,0.6129958178303953,256,256,128,noperm,0.001,100,128,256,5,None,original_with_vanilla_gru,52
0.0,0.7525654422206146,0.6403162055335968,0.5078369905956113,0.0,0.7500323321154903,0.6275303643724697,0.49363057324840764,0.6203569569240451,0.6124347193503865,256,256,128,noperm,0.001,100,128,256,5,None,original_with_vanilla_gru,53
0.0,0.7487608177263351,0.6497890295358649,0.4827586206896552,0.0,0.7365309795553256,0.6226415094339622,0.42038216560509556,0.6127094359659578,0.6151462365962805,256,256,128,noperm,0.001,100,128,256,5,None,original_with_vanilla_gru,54
0.0,0.7482463896256999,0.6531531531531531,0.45454545454545453,0.0,0.735760397469473,0.6470588235294118,0.42038216560509556,0.6328965689319515,0.613273859264083,256,256,128,noperm,0.001,100,128,256,5,None,original_with_vanilla_gru,55
0.0,0.7496664255284944,0.6352459016393442,0.48589341692789967,0.0,0.7381745287594168,0.5965665236051502,0.4426751592356688,0.5999012229125882,0.5936774701169016,256,256,128,noperm,0.001,100,128,256,5,None,original_with_vanilla_gru,56
0.0,0.7500415293518742,0.6265060240963856,0.4890282131661442,0.0,0.7490866177373985,0.6359447004608295,0.4394904458598726,0.6258433807500463,0.6268170785358794,256,256,128,noperm,0.001,100,128,256,5,None,original_with_vanilla_gru,57
0.0,0.7441363234466682,0.6091549295774648,0.542319749216301,0.0,0.7372746182116029,0.583969465648855,0.4872611464968153,0.6016447101806619,0.616902532468133,256,256,128,noperm,0.001,100,128,256,5,None,original_with_vanilla_gru,58
0.0,0.7510167992926615,0.6666666666666666,0.43260188087774293,0.0,0.7442799099011714,0.6461538461538462,0.4012738853503185,0.6238807171207791,0.613799230171915,256,256,128,noperm,0.001,100,128,256,5,None,original_with_vanilla_gru,59
0.0,0.7555180451732176,0.6463878326996197,0.5329153605015674,0.0,0.7468880338840571,0.6048387096774194,0.47770700636942676,0.6299043974251646,0.6249845854248477,256,256,128,noperm,0.001,100,128,256,5,None,original_with_vanilla_gru,60
0.0,0.770104225276639,0.6598360655737705,0.5047021943573667,0.0,0.7615344822011705,0.6533333333333333,0.4681528662420382,0.6548840558626069,0.6565525559116009,256,64,256,noperm,0.001,100,256,256,5,None,original_with_vanilla_gru,61
0.0,0.7686734721217481,0.6898148148148148,0.4670846394984326,0.0,0.7600633709463611,0.6683417085427136,0.42356687898089174,0.6560788878795972,0.6557307951313479,256,64,256,noperm,0.001,100,256,256,5,None,original_with_vanilla_gru,62
0.0,0.7703292875706669,0.6455223880597015,0.542319749216301,0.0,0.757401360104325,0.6349206349206349,0.5095541401273885,0.6534188959678643,0.6531744092763385,256,64,256,noperm,0.001,100,256,256,5,None,original_with_vanilla_gru,63
0.0,0.7694558315247971,0.6549019607843137,0.5235109717868338,0.0,0.7598478235097589,0.6291666666666667,0.48089171974522293,0.658208099823366,0.6540168651565346,256,64,256,noperm,0.001,100,256,256,5,None,original_with_vanilla_gru,64
0.0,0.7693433003777832,0.6680327868852459,0.5109717868338558,0.0,0.7576438509705024,0.6590909090909091,0.46178343949044587,0.6543492245280423,0.6475021814690108,256,64,256,noperm,0.001,100,256,256,5,None,original_with_vanilla_gru,65
0.0,0.7725745518848969,0.6781115879828327,0.4952978056426332,0.0,0.7555314860918017,0.631578947368421,0.4585987261146497,0.6493719265002778,0.6436115228782776,256,64,256,noperm,0.001,100,256,256,5,None,original_with_vanilla_gru,66
0.0,0.7744179192455055,0.6742081447963801,0.4670846394984326,0.0,0.7603004731266234,0.6831683168316832,0.4394904458598726,0.6593975785381193,0.652451960300676,256,64,256,noperm,0.001,100,256,256,5,None,original_with_vanilla_gru,67
0.0,0.7680893818824853,0.6175438596491228,0.5517241379310345,0.0,0.767009387090864,0.6172413793103448,0.5700636942675159,0.6498351574718009,0.6656404276204579,256,64,256,noperm,0.001,100,256,256,5,None,original_with_vanilla_gru,68
0.0,0.7708329984192054,0.6470588235294118,0.4827586206896552,0.0,0.7592389020013579,0.65,0.4554140127388535,0.6475850561621312,0.6458895354800018,256,64,256,noperm,0.001,100,256,256,5,None,original_with_vanilla_gru,69
0.0,0.7709830399485571,0.6940639269406392,0.47648902821316613,0.0,0.7573474732451744,0.6616915422885572,0.42356687898089174,0.6555881031313717,0.6448571340002901,256,64,256,noperm,0.001,100,256,256,5,None,original_with_vanilla_gru,70
0.0,0.7623395761326796,0.6812227074235808,0.4890282131661442,0.0,0.7524114369469861,0.6409090909090909,0.44904458598726116,0.6480126655920413,0.6468564913197474,256,128,256,noperm,0.001,100,256,256,5,None,original_with_vanilla_gru,71
0.0,0.7631165769096803,0.6612244897959184,0.5078369905956113,0.0,0.751489971655512,0.6282051282051282,0.4681528662420382,0.6379823823133793,0.6324726660092532,256,128,256,noperm,0.001,100,256,256,5,None,original_with_vanilla_gru,72
0.0,0.7614821959649546,0.6264591439688716,0.5047021943573667,0.0,0.7543136430749997,0.6293103448275862,0.46496815286624205,0.6336547875491645,0.629301132213446,256,128,256,noperm,0.001,100,256,256,5,None,original_with_vanilla_gru,73
0.0,0.7581009029284892,0.6923076923076923,0.45141065830721006,0.0,0.7422268205675364,0.6544502617801047,0.3980891719745223,0.6425497918631558,0.6226257996632988,256,128,256,noperm,0.001,100,256,256,5,None,original_with_vanilla_gru,74
0.0,0.7568041154248052,0.663594470046083,0.45141065830721006,0.0,0.7483753111966116,0.6470588235294118,0.42038216560509556,0.6273201271052977,0.6283306042992698,256,128,256,noperm,0.001,100,256,256,5,None,original_with_vanilla_gru,75
0.0,0.7586796345417035,0.6370106761565836,0.5611285266457681,0.0,0.7492913878021705,0.605072463768116,0.5318471337579618,0.6249379447072526,0.6108905394380956,256,128,256,noperm,0.001,100,256,256,5,None,original_with_vanilla_gru,76
0.0,0.7646491439594888,0.6622807017543859,0.47335423197492166,0.0,0.7455300850334637,0.6267281105990783,0.43312101910828027,0.642846792018936,0.6214278384230072,256,128,256,noperm,0.001,100,256,256,5,None,original_with_vanilla_gru,77
0.0,0.765683358786807,0.6831683168316832,0.43260188087774293,0.0,0.7516570209188788,0.6684782608695652,0.39171974522292996,0.6454819478433791,0.6267101014778308,256,128,256,noperm,0.001,100,256,256,5,None,original_with_vanilla_gru,78
0.0,0.768464485705865,0.6680672268907563,0.49843260188087773,0.0,0.7617500296377724,0.6504424778761062,0.4681528662420382,0.6539305772099259,0.6477179242792657,256,128,256,noperm,0.001,100,256,256,5,None,original_with_vanilla_gru,79
0.0,0.7663371111646975,0.6468401486988847,0.5454545454545454,0.0,0.7510049899231572,0.6324110671936759,0.5095541401273885,0.6392428278841321,0.6339121973048988,256,128,256,noperm,0.001,100,256,256,5,None,original_with_vanilla_gru,80
0.0,0.7660852557404282,0.6858407079646017,0.48589341692789967,0.0,0.7527994223328699,0.6481481481481481,0.445859872611465,0.6563699501265727,0.64152361084786,256,256,256,noperm,0.001,100,256,256,5,None,original_with_vanilla_gru,81
0.0,0.7619269619269619,0.6219931271477663,0.567398119122257,0.0,0.7512420921034197,0.6181818181818182,0.5414012738853503,0.6413591359081398,0.635003642117973,256,256,256,noperm,0.001,100,256,256,5,None,original_with_vanilla_gru,82
0.0,0.7560967767864321,0.6596638655462185,0.49216300940438873,0.0,0.7462413915742507,0.6457399103139013,0.4585987261146497,0.6162015813638013,0.6151920756072212,256,256,256,noperm,0.001,100,256,256,5,None,original_with_vanilla_gru,83
0.0,0.7652278755727031,0.6541666666666667,0.49216300940438873,0.0,0.7585976483774667,0.6478260869565218,0.4745222929936306,0.6626165472729533,0.6500321549896317,256,256,256,noperm,0.001,100,256,256,5,None,original_with_vanilla_gru,84
0.0,0.7595530905875734,0.6666666666666666,0.45768025078369906,0.0,0.7541843146130385,0.6650246305418719,0.4299363057324841,0.64089350504131,0.63841833987341,256,256,256,noperm,0.001,100,256,256,5,None,original_with_vanilla_gru,85
0.0,0.7646866543418268,0.652542372881356,0.4827586206896552,0.0,0.7446247857997349,0.6582914572864321,0.4171974522292994,0.6526117027145784,0.6243095194576307,256,256,256,noperm,0.001,100,256,256,5,None,original_with_vanilla_gru,86
0.0,0.7616590306245479,0.631578947368421,0.5266457680250783,0.0,0.752600040954013,0.6135458167330677,0.49044585987261147,0.6537295741111571,0.6561220119819696,256,256,256,noperm,0.001,100,256,256,5,None,original_with_vanilla_gru,87
0.0,0.761069581759237,0.6595744680851063,0.48589341692789967,0.0,0.7458749609320271,0.6075949367088608,0.4585987261146497,0.6389454421598093,0.6245106608229891,256,256,256,noperm,0.001,100,256,256,5,None,original_with_vanilla_gru,88
0.0,0.7504434263054952,0.652542372881356,0.4827586206896552,0.0,0.7493883841486415,0.6355555555555555,0.4554140127388535,0.6203599405584602,0.6198995833756993,256,256,256,noperm,0.001,100,256,256,5,None,original_with_vanilla_gru,89
0.0,0.7599067599067599,0.6666666666666666,0.5454545454545454,0.0,0.746473105068598,0.6234817813765182,0.49044585987261147,0.6309549896232742,0.623619960007638,256,256,256,noperm,0.001,100,256,256,5,None,original_with_vanilla_gru,90
0.0,0.7761541140851484,0.6919642857142857,0.48589341692789967,0.0,0.7678607994654423,0.6941747572815534,0.4554140127388535,0.6630288897017311,0.6575981390765755,256,64,512,noperm,0.001,100,512,256,5,None,original_with_vanilla_gru,91
0.0,0.7774937705972189,0.6708860759493671,0.49843260188087773,0.0,0.7682649509090713,0.6577777777777778,0.4713375796178344,0.6710325081305991,0.6704724862201779,256,64,512,noperm,0.001,100,512,256,5,None,original_with_vanilla_gru,92
0.0,0.7741071189347052,0.6888888888888889,0.48589341692789967,0.0,0.7689708687639432,0.6881188118811881,0.4426751592356688,0.6615557844227066,0.6661856188821043,256,64,512,noperm,0.001,100,512,256,5,None,original_with_vanilla_gru,93
0.0,0.776352383248935,0.7045454545454546,0.48589341692789967,0.0,0.7675105348809639,0.6682692307692307,0.4426751592356688,0.6735294028766208,0.6508699485454297,256,64,512,noperm,0.001,100,512,256,5,None,original_with_vanilla_gru,94
0.0,0.7740428154221257,0.6896551724137931,0.5015673981191222,0.0,0.7672626553288715,0.6602870813397129,0.4394904458598726,0.6618530819603203,0.6574882278564681,256,64,512,noperm,0.001,100,512,256,5,None,original_with_vanilla_gru,95
0.0,0.7811805053184363,0.6808510638297872,0.5015673981191222,0.0,0.7675482556823692,0.6533333333333333,0.4681528662420382,0.6578099187187019,0.6539908762886804,256,64,512,noperm,0.001,100,512,256,5,None,original_with_vanilla_gru,96
0.0,0.7743375398547813,0.6858407079646017,0.48589341692789967,0.0,0.770792244603231,0.6511627906976745,0.445859872611465,0.6621908535339007,0.6617174818211363,256,64,512,noperm,0.001,100,512,256,5,None,original_with_vanilla_gru,97
0.0,0.7730461109771454,0.6553191489361702,0.4827586206896552,0.0,0.7705335876793085,0.6636363636363637,0.46496815286624205,0.6569946056764735,0.6663525736798197,256,64,512,noperm,0.001,100,512,256,5,None,original_with_vanilla_gru,98
0.0,0.7748573265814644,0.676,0.5297805642633229,0.0,0.771134426158837,0.6548672566371682,0.4713375796178344,0.6723469631185715,0.6765839645910923,256,64,512,noperm,0.001,100,512,256,5,None,original_with_vanilla_gru,99
0.0,0.7744982986362297,0.6680497925311203,0.5047021943573667,0.0,0.768022460042894,0.6223175965665236,0.46178343949044587,0.6675554911995885,0.6645176751098417,256,64,512,noperm,0.001,100,512,256,5,None,original_with_vanilla_gru,100
0.0,0.7683573131848993,0.6769911504424779,0.47962382445141066,0.0,0.7608393417181286,0.6601941747572816,0.43312101910828027,0.6604175089953237,0.6575642632896761,256,128,512,noperm,0.001,100,512,256,5,None,original_with_vanilla_gru,101
0.0,0.770468611847922,0.7114427860696517,0.4482758620689655,0.0,0.7762887042365848,0.7150837988826816,0.40764331210191085,0.6625393157629667,0.6619385669624427,256,128,512,noperm,0.001,100,512,256,5,None,original_with_vanilla_gru,102
0.0,0.7679982852396646,0.683982683982684,0.4952978056426332,0.0,0.7620517960490155,0.6538461538461539,0.43312101910828027,0.662452121120057,0.6630974720704539,256,128,512,noperm,0.001,100,512,256,5,None,original_with_vanilla_gru,103
0.0,0.7681858371513545,0.6395348837209303,0.5172413793103449,0.0,0.7647569163783721,0.6378600823045267,0.49363057324840764,0.64090172224531,0.6510154932467853,256,128,512,noperm,0.001,100,512,256,5,None,original_with_vanilla_gru,104
0.0,0.7705436326125982,0.7044334975369458,0.4482758620689655,0.0,0.7694881826117883,0.7111111111111111,0.40764331210191085,0.6661881640082323,0.6547714382731687,256,128,512,noperm,0.001,100,512,256,5,None,original_with_vanilla_gru,105
0.0,0.7625432039225143,0.6232876712328768,0.5705329153605015,0.0,0.7647946371797774,0.6104868913857678,0.5191082802547771,0.6439729619597517,0.6517429297395242,256,128,512,noperm,0.001,100,512,256,5,None,original_with_vanilla_gru,106
0.0,0.7727460279184417,0.6417910447761194,0.5391849529780565,0.0,0.772818390507291,0.6411290322580645,0.5063694267515924,0.6605308048119237,0.664918621080643,256,128,512,noperm,0.001,100,512,256,5,None,original_with_vanilla_gru,107
0.0,0.7738927738927739,0.6822033898305084,0.5047021943573667,0.0,0.7704635347624128,0.6473214285714286,0.46178343949044587,0.6717055968510517,0.6564335833859058,256,128,512,noperm,0.001,100,512,256,5,None,original_with_vanilla_gru,108
0.0,0.7695040591592315,0.6784140969162996,0.4827586206896552,0.0,0.7649886298727191,0.6635071090047393,0.445859872611465,0.6645876185712689,0.649897951900319,256,128,512,noperm,0.001,100,512,256,5,None,original_with_vanilla_gru,109
0.0,0.7701899632934115,0.6919642857142857,0.48589341692789967,0.0,0.7643042667615075,0.6698564593301436,0.445859872611465,0.6547681376590472,0.6597284157747039,256,128,512,noperm,0.001,100,512,256,5,None,original_with_vanilla_gru,110
0.0,0.767339174235726,0.6582278481012658,0.4890282131661442,0.0,0.7669123907443931,0.6533333333333333,0.4681528662420382,0.6636518889620713,0.6520080091516631,256,256,512,noperm,0.001,100,512,256,5,None,original_with_vanilla_gru,111
0.0,0.7616804651287411,0.7225130890052356,0.43260188087774293,0.0,0.7603543599857738,0.6923076923076923,0.4012738853503185,0.6517792350523791,0.6271307996483717,256,256,512,noperm,0.001,100,512,256,5,None,original_with_vanilla_gru,112
0.0,0.7657315864212416,0.684931506849315,0.4702194357366771,0.0,0.7738907390043865,0.6938775510204082,0.43312101910828027,0.6527905091267732,0.6537068464810438,256,256,512,noperm,0.001,100,512,256,5,None,original_with_vanilla_gru,113
0.0,0.7696433834364869,0.6118421052631579,0.5830721003134797,0.0,0.7710993997003891,0.6272401433691757,0.5573248407643312,0.658374793198159,0.6483764270045816,256,256,512,noperm,0.001,100,512,256,5,None,original_with_vanilla_gru,114
0.0,0.7630737079012941,0.65625,0.5266457680250783,0.0,0.7637977302854926,0.6235294117647059,0.5063694267515924,0.6470073663396324,0.644956440627459,256,256,512,noperm,0.001,100,512,256,5,None,original_with_vanilla_gru,115
0.0,0.7626396591913833,0.6396396396396397,0.445141065830721,0.0,0.7636091262784658,0.634703196347032,0.4426751592356688,0.6374874822840492,0.637392824346114,256,256,512,noperm,0.001,100,512,256,5,None,original_with_vanilla_gru,116
0.0,0.7566862256517429,0.6826923076923077,0.445141065830721,0.0,0.7630756463728755,0.6789473684210526,0.410828025477707,0.6498945063356791,0.6473367796049296,256,256,512,noperm,0.001,100,512,256,5,None,original_with_vanilla_gru,117
0.0,0.7659137797068831,0.6428571428571429,0.5078369905956113,0.0,0.7641803269854612,0.6234817813765182,0.49044585987261147,0.6481783933520798,0.6480720683279354,256,256,512,noperm,0.001,100,512,256,5,None,original_with_vanilla_gru,118
0.0,0.764156150363047,0.6145833333333334,0.554858934169279,0.0,0.7641695496136311,0.6119402985074627,0.5222929936305732,0.6510927569632615,0.6500321742763154,256,256,512,noperm,0.001,100,512,256,5,None,original_with_vanilla_gru,119
0.0,0.7623717278889692,0.6353790613718412,0.5517241379310345,0.0,0.7659585933374287,0.6395348837209303,0.5254777070063694,0.6624227766578086,0.652419981243961,256,256,512,noperm,0.001,100,512,256,5,None,original_with_vanilla_gru,120
