0.7495733499526978,0.7679388972295151,0.7300862506341959,0.462998712998713,0.7248618602752686,0.7579348400099152,0.671957671957672,0.40445859872611467,0.6524468926905934,0.654415159189223,64,128,256,both,0.001,30,256,64,20,tcn_abnormlabs_baseline/permutation_1_10_label,1
0.7420130372047424,0.7726595465272547,0.6782968657599053,0.5448931116389548,0.7127071619033813,0.7478849407783419,0.6088709677419355,0.48089171974522293,0.669036876794008,0.6498199259161724,64,128,256,both,0.001,30,256,64,20,tcn_abnormlabs_baseline/permutation_1_6_label,2
0.7087486386299133,0.7704137501610342,0.8333333333333334,0.219435736677116,0.7049723863601685,0.755757810900234,0.7901234567901234,0.20382165605095542,0.6650347602386698,0.6405600248465101,64,128,256,both,0.001,30,256,64,20,tcn_abnormlabs_baseline/permutation_1_1_label,3
0.7357142567634583,0.7548280554181099,0.6612244897959184,0.5170212765957447,0.7149171233177185,0.7482028732473299,0.6296296296296297,0.43312101910828027,0.6655303441179958,0.6460079891508492,64,128,256,both,0.001,30,256,64,20,tcn_abnormlabs_baseline/permutation_1_2_label,4
0.7247695922851562,0.772486020483732,0.6150250417362271,0.5926640926640927,0.7071823477745056,0.7564098418959553,0.5830508474576271,0.5477707006369427,0.6629217360196844,0.6573579343723724,64,128,256,both,0.001,30,256,64,10,tcn_abnormlabs_baseline/permutation_1_10_label,5
0.7251803278923035,0.7670192228427262,0.6420934158694429,0.542042755344418,0.7127071619033813,0.7551273346481727,0.6015037593984962,0.5095541401273885,0.6760491079596567,0.6483622019162781,64,128,256,both,0.001,30,256,64,10,tcn_abnormlabs_baseline/permutation_1_6_label,6
0.7259136438369751,0.7550940438871473,0.6544276457883369,0.47492163009404387,0.710497260093689,0.7432237274618212,0.6226415094339622,0.42038216560509556,0.6451280768202422,0.6281604282220417,64,128,256,both,0.001,30,256,64,10,tcn_abnormlabs_baseline/permutation_1_1_label,7
0.6496240496635437,0.7695426150420585,0.5026281208935611,0.8138297872340425,0.6375690698623657,0.7462252255165056,0.48588709677419356,0.767515923566879,0.6636994273217234,0.6411597551380795,64,128,256,both,0.001,30,256,64,10,tcn_abnormlabs_baseline/permutation_1_2_label,8
0.746842622756958,0.7728651149703782,0.7651651651651652,0.4099099099099099,0.7337016463279724,0.7587754750126634,0.7517241379310344,0.3471337579617834,0.664040777887343,0.6578690557567893,64,128,256,both,0.001,30,256,64,5,tcn_abnormlabs_baseline/permutation_1_10_label,9
0.7463071346282959,0.7753112265210177,0.69454770755886,0.532541567695962,0.720441997051239,0.7652365094248117,0.6380090497737556,0.44904458598726116,0.6699158646958813,0.6737242227978544,64,128,256,both,0.001,30,256,64,5,tcn_abnormlabs_baseline/permutation_1_6_label,10
0.7414174675941467,0.7729507074762743,0.6930022573363431,0.48119122257053293,0.709392249584198,0.7554075463157555,0.6220095693779905,0.4140127388535032,0.666870997814357,0.6545222224328643,64,128,256,both,0.001,30,256,64,5,tcn_abnormlabs_baseline/permutation_1_1_label,11
0.7255638837814331,0.7575995794161307,0.657185628742515,0.46702127659574466,0.7237569093704224,0.7559841357086662,0.6616161616161617,0.4171974522292994,0.6506130446110807,0.6452804450434426,64,128,256,both,0.001,30,256,64,5,tcn_abnormlabs_baseline/permutation_1_2_label,12
0.7300034165382385,0.7414554645675927,0.6688102893890675,0.46846846846846846,0.7193370461463928,0.7312231239289986,0.6456310679611651,0.42356687898089174,0.6477207128018723,0.6287198836989017,32,128,256,both,0.001,30,256,32,20,tcn_abnormlabs_baseline/permutation_1_10_label,13
0.7107523083686829,0.7561591889865976,0.7411225658648339,0.30736342042755344,0.7259668707847595,0.7569487104874605,0.7894736842105263,0.28662420382165604,0.6406677783675927,0.6635635052463311,32,128,256,both,0.001,30,256,32,20,tcn_abnormlabs_baseline/permutation_1_6_label,14
0.7043189406394958,0.7421079894361661,0.6405405405405405,0.3714733542319749,0.7149171233177185,0.7425447530365246,0.6555555555555556,0.37579617834394907,0.6455647901151907,0.6235540727055647,32,128,256,both,0.001,30,256,32,20,tcn_abnormlabs_baseline/permutation_1_1_label,15
0.7274436354637146,0.7525018555170707,0.718052738336714,0.37659574468085105,0.7082872986793518,0.7572720316423636,0.6602564102564102,0.32802547770700635,0.6592304631095699,0.6381673324143944,32,128,256,both,0.001,30,256,32,20,tcn_abnormlabs_baseline/permutation_1_2_label,16
0.732506513595581,0.7600108469673686,0.7071702244116037,0.4157014157014157,0.7370165586471558,0.7650964035910203,0.7159090909090909,0.4012738853503185,0.6627545826161207,0.6568602643010095,32,128,256,both,0.001,30,256,32,10,tcn_abnormlabs_baseline/permutation_1_10_label,17
0.7323943376541138,0.7555901274046127,0.6656571774682011,0.5220902612826603,0.7138121724128723,0.7476155064825891,0.6160337552742616,0.46496815286624205,0.6733432358144532,0.6419762559195591,32,128,256,both,0.001,30,256,32,10,tcn_abnormlabs_baseline/permutation_1_6_label,18
0.7104097604751587,0.7254302293124919,0.7075812274368231,0.3072100313479624,0.7038673758506775,0.7018224535764708,0.676923076923077,0.2802547770700637,0.6187152925255321,0.606135049047822,32,128,256,both,0.001,30,256,32,10,tcn_abnormlabs_baseline/permutation_1_1_label,19
0.7308270931243896,0.7638229836714497,0.7105263157894737,0.4021276595744681,0.7215469479560852,0.7538771595158805,0.6962025316455697,0.3503184713375796,0.6713752312319171,0.6498437531234968,32,128,256,both,0.001,30,256,32,10,tcn_abnormlabs_baseline/permutation_1_2_label,20
0.7388781309127808,0.7641026433932613,0.6774334351811436,0.49935649935649934,0.7237569093704224,0.7698492245680968,0.6523809523809524,0.43630573248407645,0.6625703409223019,0.6568494293507082,32,128,256,both,0.001,30,256,32,5,tcn_abnormlabs_baseline/permutation_1_10_label,21
0.7201992273330688,0.7629534200249608,0.6470951792336218,0.4973871733966746,0.7193370461463928,0.7588886374168795,0.631578947368421,0.4585987261146497,0.6621350734633618,0.652877318919179,32,128,256,both,0.001,30,256,32,5,tcn_abnormlabs_baseline/permutation_1_6_label,22
0.7148393988609314,0.753866159230472,0.6166982922201139,0.5094043887147336,0.7171270847320557,0.7510965975837133,0.616,0.49044585987261147,0.6537854620294881,0.6447216504133728,32,128,256,both,0.001,30,256,32,5,tcn_abnormlabs_baseline/permutation_1_1_label,23
0.731203019618988,0.771223404255319,0.6400996264009963,0.5468085106382978,0.7182320356369019,0.7613458781941436,0.6138996138996139,0.5063694267515924,0.6682046162059988,0.6543783190935022,32,128,256,both,0.001,30,256,32,5,tcn_abnormlabs_baseline/permutation_1_2_label,24
0.7372852563858032,0.7737705864136071,0.6460694698354662,0.5685328185328186,0.710497260093689,0.7513821979372111,0.5948905109489051,0.5191082802547771,0.6629821712382988,0.6452074422061015,128,128,256,both,0.001,30,256,128,20,tcn_abnormlabs_baseline/permutation_1_10_label,25
0.7342837452888489,0.7702315291429185,0.6682750301568154,0.5263657957244655,0.7292817831039429,0.7590125771929257,0.6419753086419753,0.4968152866242038,0.6637012137951259,0.6637706922930552,128,128,256,both,0.001,30,256,128,20,tcn_abnormlabs_baseline/permutation_1_6_label,26
0.713178277015686,0.7669743311718984,0.5928792569659442,0.6003134796238244,0.709392249584198,0.75383405002856,0.5825242718446602,0.5732484076433121,0.6663355817435112,0.6488610035919302,128,128,256,both,0.001,30,256,128,20,tcn_abnormlabs_baseline/permutation_1_1_label,27
0.7240601778030396,0.7459302325581395,0.698076923076923,0.3861702127659574,0.7160220742225647,0.7408365396014529,0.6706586826347305,0.35668789808917195,0.6502886726937029,0.6412055565062298,128,128,256,both,0.001,30,256,128,20,tcn_abnormlabs_baseline/permutation_1_2_label,28
0.7484355568885803,0.7670473582944979,0.6904458598726114,0.5231660231660231,0.7303867340087891,0.756479894812851,0.6495726495726496,0.4840764331210191,0.6705775785451662,0.6412359415672453,128,128,256,both,0.001,30,256,128,10,tcn_abnormlabs_baseline/permutation_1_10_label,29
0.7423565983772278,0.7771376553895979,0.6866132017273288,0.5287410926365795,0.7160220742225647,0.7573528619310895,0.6244541484716157,0.4554140127388535,0.6741461474229125,0.6530388970541916,128,128,256,both,0.001,30,256,128,10,tcn_abnormlabs_baseline/permutation_1_6_label,30
0.7320044040679932,0.7730802056941641,0.71875,0.39655172413793105,0.7215469479560852,0.7572828090141939,0.7039473684210527,0.34076433121019106,0.6656474669201501,0.6599608154455001,128,128,256,both,0.001,30,256,128,10,tcn_abnormlabs_baseline/permutation_1_1_label,31
0.6917293071746826,0.7750816427511134,0.9,0.14361702127659576,0.7027624249458313,0.7625260004095402,0.9245283018867925,0.15605095541401273,0.6761019038891213,0.6571586108025076,128,128,256,both,0.001,30,256,128,10,tcn_abnormlabs_baseline/permutation_1_2_label,32
0.7410399317741394,0.7685306890112382,0.6756756756756757,0.5148005148005148,0.7325966954231262,0.7572828090141938,0.6592920353982301,0.4745222929936306,0.6473559742241128,0.6600929324781166,128,128,256,both,0.001,30,256,128,5,tcn_abnormlabs_baseline/permutation_1_10_label,33
0.7274132370948792,0.7670247185525578,0.6366033755274262,0.5733966745843231,0.7182320356369019,0.7537424423680041,0.6096654275092936,0.5222929936305732,0.6722705786290488,0.6565325397498027,128,128,256,both,0.001,30,256,128,5,tcn_abnormlabs_baseline/permutation_1_6_label,34
0.7253599166870117,0.7655820575857775,0.6066066066066066,0.6332288401253918,0.710497260093689,0.7362399905159128,0.5884353741496599,0.5509554140127388,0.6617897479846969,0.645898264904,128,128,256,both,0.001,30,256,128,5,tcn_abnormlabs_baseline/permutation_1_1_label,35
0.7360902428627014,0.7635944458189015,0.6983333333333334,0.44574468085106383,0.7270718216896057,0.7564583400691908,0.6810810810810811,0.4012738853503185,0.6559916792432218,0.6491166027054495,128,128,256,both,0.001,30,256,128,5,tcn_abnormlabs_baseline/permutation_1_2_label,36
0.734440803527832,0.767864165747461,0.6663800515907137,0.49871299871299873,0.7171270847320557,0.7539148803172858,0.6283185840707964,0.45222929936305734,0.6516678860814596,0.6407043100805606,256,128,256,both,0.001,30,256,256,20,tcn_abnormlabs_baseline/permutation_1_10_label,37
0.7323943376541138,0.7634640737140839,0.6807666886979511,0.48931116389548696,0.7303867340087891,0.7407233771972367,0.6590909090909091,0.46178343949044587,0.6490484602007476,0.6359772929230094,256,128,256,both,0.001,30,256,256,20,tcn_abnormlabs_baseline/permutation_1_6_label,38
0.7286821603775024,0.7620419923133078,0.6094674556213018,0.64576802507837,0.7127071619033813,0.7377380452002974,0.5882352941176471,0.5732484076433121,0.6628272206128806,0.6417250273757978,256,128,256,both,0.001,30,256,256,20,tcn_abnormlabs_baseline/permutation_1_1_label,39
0.7293233275413513,0.7501917367639781,0.6929824561403509,0.42021276595744683,0.7193370461463928,0.746575490100984,0.6630434782608695,0.3885350318471338,0.6601398540529347,0.6436357317472569,256,128,256,both,0.001,30,256,256,20,tcn_abnormlabs_baseline/permutation_1_2_label,40
0.7368301153182983,0.7661622192514641,0.6484871124392977,0.5585585585585585,0.710497260093689,0.7577408473169732,0.5992366412213741,0.5,0.6527038805763482,0.6510629714993386,256,128,256,both,0.001,30,256,256,10,tcn_abnormlabs_baseline/permutation_1_10_label,41
0.7384060621261597,0.7716363220409277,0.6755126658624849,0.5320665083135392,0.720441997051239,0.7515169150850874,0.6177606177606177,0.5095541401273885,0.6531695646346163,0.6434859987212922,256,128,256,both,0.001,30,256,256,10,tcn_abnormlabs_baseline/permutation_1_6_label,42
0.6976743936538696,0.7672091724996779,0.558974358974359,0.6833855799373041,0.6883977651596069,0.7532035737764988,0.5421052631578948,0.6560509554140127,0.663722816928515,0.6490422803102459,256,128,256,both,0.001,30,256,256,10,tcn_abnormlabs_baseline/permutation_1_1_label,43
0.7206767201423645,0.7819816922315685,0.8272425249169435,0.2648936170212766,0.710497260093689,0.7690840311681594,0.8023255813953488,0.2197452229299363,0.6874892485094507,0.672649476031781,256,128,256,both,0.001,30,256,256,10,tcn_abnormlabs_baseline/permutation_1_2_label,44
0.7421777248382568,0.7718997224145965,0.6567386448250186,0.5675675675675675,0.7138121724128723,0.7611572741871167,0.6037735849056604,0.5095541401273885,0.6659083744069743,0.6539650289139768,256,128,256,both,0.001,30,256,256,5,tcn_abnormlabs_baseline/permutation_1_10_label,45
0.7116111516952515,0.7680191864176726,0.6012357414448669,0.6009501187648456,0.7127071619033813,0.7615237048293403,0.5854430379746836,0.589171974522293,0.6556812430129169,0.6645278842964993,256,128,256,both,0.001,30,256,256,5,tcn_abnormlabs_baseline/permutation_1_6_label,46
0.5686600208282471,0.688957358182677,0.43538038496791936,0.7445141065830722,0.5580110549926758,0.6747604729110759,0.42066420664206644,0.7261146496815286,0.5725988341375672,0.5757849749224718,256,128,256,both,0.001,30,256,256,5,tcn_abnormlabs_baseline/permutation_1_1_label,47
0.7375940084457397,0.7720021029193469,0.6816816816816816,0.4829787234042553,0.7226519584655762,0.760677681140677,0.6425339366515838,0.45222929936305734,0.6746990880766106,0.6582071860407058,256,128,256,both,0.001,30,256,256,5,tcn_abnormlabs_baseline/permutation_1_2_label,48
0.7338718771934509,0.763442661611998,0.67142220240749,0.48455598455598453,0.7215469479560852,0.7495446560401781,0.6359649122807017,0.46178343949044587,0.639382021985039,0.6152724246458531,64,128,128,both,0.001,30,128,64,20,tcn_abnormlabs_baseline/permutation_1_10_label,49
0.7256956100463867,0.7581634615814735,0.645475372279496,0.5353919239904988,0.7281767725944519,0.749135115910634,0.6370967741935484,0.5031847133757962,0.6329182609551928,0.614025001273324,64,128,128,both,0.001,30,128,64,20,tcn_abnormlabs_baseline/permutation_1_6_label,50
0.7336655855178833,0.7562682505260446,0.6489563567362429,0.5360501567398119,0.7116022109985352,0.7383577440805286,0.606425702811245,0.48089171974522293,0.6432191318911639,0.6130367318155278,64,128,128,both,0.001,30,128,64,20,tcn_abnormlabs_baseline/permutation_1_1_label,51
0.7308270931243896,0.7625389658584859,0.665680473372781,0.4787234042553192,0.7215469479560852,0.7473676269304967,0.6565656565656566,0.4140127388535032,0.6446329979987557,0.6304695350408231,64,128,128,both,0.001,30,128,64,20,tcn_abnormlabs_baseline/permutation_1_2_label,52
0.7212424874305725,0.7536577931314774,0.6154385964912281,0.5643500643500643,0.7049723863601685,0.7447918350631014,0.587360594795539,0.5031847133757962,0.6327153420572318,0.6073869973688937,64,128,128,both,0.001,30,128,64,10,tcn_abnormlabs_baseline/permutation_1_10_label,53
0.7227756977081299,0.7546993750866693,0.6358605423353625,0.5458432304038005,0.7138121724128723,0.743196784032246,0.6045627376425855,0.5063694267515924,0.648409354526562,0.6164894237779338,64,128,128,both,0.001,30,128,64,10,tcn_abnormlabs_baseline/permutation_1_6_label,54
0.7076411843299866,0.75031938420578,0.6018518518518519,0.5094043887147336,0.7005524635314941,0.7391391035382112,0.592274678111588,0.4394904458598726,0.6290075300532022,0.6149496118807105,64,128,128,both,0.001,30,128,64,10,tcn_abnormlabs_baseline/permutation_1_1_label,55
0.7169172763824463,0.7585063087580406,0.6203346203346203,0.5127659574468085,0.7127071619033813,0.7369027988834642,0.6173913043478261,0.45222929936305734,0.6473467334312827,0.6239719005394517,64,128,128,both,0.001,30,128,64,10,tcn_abnormlabs_baseline/permutation_1_2_label,56
0.7317100763320923,0.7554390869608262,0.6712328767123288,0.47297297297297297,0.7215469479560852,0.7387187860368372,0.6462264150943396,0.43630573248407645,0.6320846047081721,0.6008915338441569,64,128,128,both,0.001,30,128,64,5,tcn_abnormlabs_baseline/permutation_1_10_label,57
0.7076606154441833,0.7429464800937082,0.6319580877537656,0.4584323040380047,0.7182320356369019,0.7300699451431774,0.6277056277056277,0.46178343949044587,0.6282452254786232,0.6092428876924956,64,128,128,both,0.001,30,128,64,5,tcn_abnormlabs_baseline/permutation_1_6_label,58
0.7308970093727112,0.7542083565938076,0.6696428571428571,0.4702194357366771,0.7226519584655762,0.7436925431364309,0.6492890995260664,0.43630573248407645,0.6445298204707353,0.6317892241801264,64,128,128,both,0.001,30,128,64,5,tcn_abnormlabs_baseline/permutation_1_1_label,59
0.7368420958518982,0.7670800346363188,0.6812688821752266,0.4797872340425532,0.7215469479560852,0.7502667399527951,0.6519607843137255,0.42356687898089174,0.6498943687627423,0.6293278892084649,64,128,128,both,0.001,30,128,64,5,tcn_abnormlabs_baseline/permutation_1_2_label,60
0.713164210319519,0.7500817826904784,0.5983908816627557,0.5743243243243243,0.7049723863601685,0.7386002349467059,0.5824561403508772,0.5286624203821656,0.6346364516923664,0.6108175695936,32,128,128,both,0.001,30,128,32,20,tcn_abnormlabs_baseline/permutation_1_10_label,61
0.7188251614570618,0.7533462802032391,0.656,0.467458432304038,0.7027624249458313,0.7383092459072931,0.6066350710900474,0.40764331210191085,0.6424719923214739,0.6103719713158053,32,128,128,both,0.001,30,128,32,20,tcn_abnormlabs_baseline/permutation_1_6_label,62
0.7098560333251953,0.7463284235839738,0.601063829787234,0.5313479623824452,0.699447512626648,0.7288467134404605,0.58203125,0.4745222929936306,0.6312022970860967,0.593937294216963,32,128,128,both,0.001,30,128,32,20,tcn_abnormlabs_baseline/permutation_1_1_label,63
0.7146616578102112,0.7493870608609599,0.6272855133614628,0.474468085106383,0.7060773372650146,0.7335456475583864,0.6111111111111112,0.42038216560509556,0.6377792865079127,0.6089341161262332,32,128,128,both,0.001,30,128,32,20,tcn_abnormlabs_baseline/permutation_1_2_label,64
0.7123677134513855,0.7557477259994421,0.6098484848484849,0.5180180180180181,0.7138121724128723,0.7513283110780604,0.6078431372549019,0.49363057324840764,0.6436552649816569,0.6187662684576026,32,128,128,both,0.001,30,128,32,10,tcn_abnormlabs_baseline/permutation_1_10_label,65
0.7133287787437439,0.7663631245538729,0.603415559772296,0.6042755344418053,0.7160220742225647,0.750466121331652,0.5946843853820598,0.5700636942675159,0.6522643288952817,0.612681980332343,32,128,128,both,0.001,30,128,32,10,tcn_abnormlabs_baseline/permutation_1_6_label,66
0.7048726677894592,0.7566708356593808,0.5949367088607594,0.5156739811912225,0.7027624249458313,0.740658712966256,0.5882352941176471,0.47770700636942676,0.6447697029499361,0.6214732323192917,32,128,128,both,0.001,30,128,32,10,tcn_abnormlabs_baseline/permutation_1_1_label,67
0.7139097452163696,0.7576342157347847,0.7066974595842956,0.32553191489361705,0.7149171233177185,0.7420274391886795,0.71875,0.2929936305732484,0.6392292552139094,0.6157352989821061,32,128,128,both,0.001,30,128,32,10,tcn_abnormlabs_baseline/permutation_1_2_label,68
0.7376265525817871,0.7597462425837711,0.6663900414937759,0.5167310167310167,0.7160220742225647,0.7500188604007026,0.6135458167330677,0.49044585987261147,0.6417907642774767,0.6223015839984344,32,128,128,both,0.001,30,128,32,5,tcn_abnormlabs_baseline/permutation_1_10_label,69
0.7013053894042969,0.7503939976624061,0.64296875,0.39097387173396675,0.7127071619033813,0.7404054447282485,0.6569767441860465,0.35987261146496813,0.6400358058311773,0.6087104560009964,32,128,128,both,0.001,30,128,32,5,tcn_abnormlabs_baseline/permutation_1_6_label,70
0.724252462387085,0.7553476725211491,0.6446280991735537,0.4890282131661442,0.7127071619033813,0.7406856563958313,0.6298076923076923,0.4171974522292994,0.6446274189783494,0.6147030779215459,32,128,128,both,0.001,30,128,32,5,tcn_abnormlabs_baseline/permutation_1_1_label,71
0.7131578922271729,0.74875,0.6194331983805668,0.48829787234042554,0.7215469479560852,0.7367249722482675,0.6383928571428571,0.4554140127388535,0.6394992684193246,0.608973660233773,32,128,128,both,0.001,30,128,32,5,tcn_abnormlabs_baseline/permutation_1_2_label,72
0.7182841897010803,0.7524232369770126,0.6238244514106583,0.5122265122265123,0.7182320356369019,0.7429920139674739,0.615686274509804,0.5,0.6099041245375599,0.5961572230710498,128,128,128,both,0.001,30,128,128,20,tcn_abnormlabs_baseline/permutation_1_10_label,73
0.7305049896240234,0.7523275289691007,0.6863699582753825,0.4688836104513064,0.7082872986793518,0.7380182568678801,0.6201923076923077,0.410828025477707,0.6382000110004901,0.6043491100906464,128,128,128,both,0.001,30,128,128,20,tcn_abnormlabs_baseline/permutation_1_6_label,74
0.7308970093727112,0.7625633400609784,0.7303030303030303,0.3777429467084639,0.7226519584655762,0.7407988188000474,0.6981132075471698,0.3535031847133758,0.6339550404164725,0.6046204919459284,128,128,128,both,0.001,30,128,128,20,tcn_abnormlabs_baseline/permutation_1_1_label,75
0.7398496270179749,0.7599121721919841,0.6722222222222223,0.5148936170212766,0.7259668707847595,0.7476586159699097,0.6447368421052632,0.4681528662420382,0.6366677999288444,0.6246850098823022,128,128,128,both,0.001,30,128,128,20,tcn_abnormlabs_baseline/permutation_1_2_label,76
0.7276140451431274,0.7544345304642788,0.6915236051502146,0.41473616473616476,0.7149171233177185,0.737899705777749,0.6538461538461539,0.37898089171974525,0.6346877285952689,0.6001527692831282,128,128,128,both,0.001,30,128,128,10,tcn_abnormlabs_baseline/permutation_1_10_label,77
0.7207145094871521,0.7638847511306145,0.6309458720612356,0.5482185273159145,0.7248618602752686,0.7475023440783731,0.6199261992619927,0.535031847133758,0.6433546577019583,0.6087058651167381,128,128,128,both,0.001,30,128,128,10,tcn_abnormlabs_baseline/permutation_1_6_label,78
0.724252462387085,0.7542217760982523,0.6521739130434783,0.4702194357366771,0.7182320356369019,0.7397588024184423,0.6439024390243903,0.42038216560509556,0.6446460543418614,0.6230207199935476,128,128,128,both,0.001,30,128,128,10,tcn_abnormlabs_baseline/permutation_1_1_label,79
0.7304511070251465,0.760928686293914,0.660431654676259,0.48829787234042554,0.699447512626648,0.7427171909858061,0.6009615384615384,0.3980891719745223,0.6475448845349111,0.6223165980463977,128,128,128,both,0.001,30,128,128,10,tcn_abnormlabs_baseline/permutation_1_2_label,80
0.7396745681762695,0.7467301366042784,0.6939451277199622,0.472007722007722,0.7127071619033813,0.7289652645305915,0.6310679611650486,0.4140127388535032,0.6236458172640699,0.594017419741348,128,128,128,both,0.001,30,128,128,5,tcn_abnormlabs_baseline/permutation_1_10_label,81
0.7282720804214478,0.760446098269682,0.658388855239249,0.5163895486935867,0.7082872986793518,0.746580878786899,0.5954198473282443,0.4968152866242038,0.637763262119718,0.5976714393180032,128,128,128,both,0.001,30,128,128,5,tcn_abnormlabs_baseline/permutation_1_6_label,82
0.7375415563583374,0.7612106540129686,0.6782608695652174,0.4890282131661442,0.7182320356369019,0.7446301744856498,0.6439024390243903,0.42038216560509556,0.6526808215363561,0.6272071974079257,128,128,128,both,0.001,30,128,128,5,tcn_abnormlabs_baseline/permutation_1_1_label,83
0.7007519006729126,0.7582106630381,0.5753138075313807,0.5851063829787234,0.699447512626648,0.7409712567493292,0.569078947368421,0.5509554140127388,0.6467715223036865,0.6116732314965873,128,128,128,both,0.001,30,128,128,5,tcn_abnormlabs_baseline/permutation_1_2_label,84
0.7296620607376099,0.7590218087929759,0.6428571428571429,0.5299227799227799,0.709392249584198,0.7389451108452693,0.6032388663967612,0.4745222929936306,0.6335177276332231,0.6000975230336105,256,128,128,both,0.001,30,128,256,20,tcn_abnormlabs_baseline/permutation_1_10_label,85
0.7272415161132812,0.7554361197221215,0.6866425992779783,0.4517814726840855,0.7127071619033813,0.7410197549225646,0.6391752577319587,0.39490445859872614,0.6372980823342986,0.6063881396367563,256,128,128,both,0.001,30,128,256,20,tcn_abnormlabs_baseline/permutation_1_6_label,86
0.7259136438369751,0.7596821724567355,0.6311926605504588,0.5391849529780565,0.7016574740409851,0.7383523553946135,0.5887096774193549,0.46496815286624205,0.6438806233630002,0.6187976666975741,256,128,128,both,0.001,30,128,256,20,tcn_abnormlabs_baseline/permutation_1_1_label,87
0.7387217879295349,0.7599004205838694,0.7137870855148342,0.4351063829787234,0.7160220742225647,0.7398989082522336,0.6574585635359116,0.37898089171974525,0.6475496576706058,0.6194030563015882,256,128,128,both,0.001,30,128,256,20,tcn_abnormlabs_baseline/permutation_1_2_label,88
0.7343270182609558,0.7547469924472212,0.658077709611452,0.5176962676962676,0.7160220742225647,0.7346718829146326,0.6172839506172839,0.47770700636942676,0.6229214024117999,0.5932474554327998,256,128,128,both,0.001,30,128,256,10,tcn_abnormlabs_baseline/permutation_1_10_label,89
0.7226039171218872,0.7505538205727423,0.6655405405405406,0.4679334916864608,0.7116022109985352,0.7397103042452069,0.6292682926829268,0.410828025477707,0.6377275027507032,0.6096457020740675,256,128,128,both,0.001,30,128,256,10,tcn_abnormlabs_baseline/permutation_1_6_label,90
0.736987829208374,0.759796238244514,0.665314401622718,0.5141065830721003,0.7171270847320557,0.7447271708321209,0.6260869565217392,0.4585987261146497,0.6380243411261595,0.6162374453356472,256,128,128,both,0.001,30,128,256,10,tcn_abnormlabs_baseline/permutation_1_1_label,91
0.7342105507850647,0.7618771647699158,0.6615811373092927,0.5074468085106383,0.7116022109985352,0.7438703697716275,0.6137339055793991,0.4554140127388535,0.6367108831594662,0.6210220822019238,256,128,128,both,0.001,30,128,256,10,tcn_abnormlabs_baseline/permutation_1_2_label,92
0.7317100763320923,0.7460158123773684,0.6503608660785886,0.5218790218790219,0.7116022109985352,0.7347365471456132,0.6127659574468085,0.4585987261146497,0.6250271564380432,0.6072165135764083,256,128,128,both,0.001,30,128,256,5,tcn_abnormlabs_baseline/permutation_1_10_label,93
0.733596682548523,0.7522415147198753,0.6861559139784946,0.4850356294536817,0.7226519584655762,0.7456270813799346,0.6451612903225806,0.445859872611465,0.6355378866337279,0.6106297366089858,256,128,128,both,0.001,30,128,256,5,tcn_abnormlabs_baseline/permutation_1_6_label,94
0.7192690968513489,0.7564910142998238,0.6719160104986877,0.4012539184952978,0.7116022109985352,0.7362884886891483,0.6568047337278107,0.3535031847133758,0.6434480177821309,0.6056133474705798,256,128,128,both,0.001,30,128,256,5,tcn_abnormlabs_baseline/permutation_1_1_label,95
0.7342105507850647,0.7679422315685305,0.71939736346516,0.40638297872340423,0.7171270847320557,0.7464946598122582,0.6629213483146067,0.37579617834394907,0.649365877512467,0.6169680899946222,256,128,128,both,0.001,30,128,256,5,tcn_abnormlabs_baseline/permutation_1_2_label,96
0.7169188857078552,0.7525798077857575,0.6228209191759112,0.5057915057915058,0.720441997051239,0.7512313147315896,0.6286919831223629,0.4745222929936306,0.6316720072729742,0.6364926475505561,64,128,512,both,0.001,30,512,64,20,tcn_abnormlabs_baseline/permutation_1_10_label,97
0.7121264338493347,0.7394821379844931,0.6587712805329385,0.42280285035629456,0.7082872986793518,0.7226389472663196,0.631578947368421,0.3821656050955414,0.6426954350916702,0.5907984727556792,64,128,512,both,0.001,30,512,64,20,tcn_abnormlabs_baseline/permutation_1_6_label,98
0.7043189406394958,0.7370327328552412,0.589041095890411,0.5391849529780565,0.7038673758506775,0.7251608522745644,0.5798611111111112,0.5318471337579618,0.6279244393700147,0.6132624635534678,64,128,512,both,0.001,30,512,64,20,tcn_abnormlabs_baseline/permutation_1_1_label,99
0.6853383183479309,0.7053642998515587,0.6914498141263941,0.19787234042553192,0.6950276494026184,0.7021888842186944,0.6727272727272727,0.2356687898089172,0.5669127314123085,0.5718472562087705,64,128,512,both,0.001,30,512,64,20,tcn_abnormlabs_baseline/permutation_1_2_label,100
0.7474115490913391,0.7701208356242681,0.6564482029598309,0.5994208494208494,0.7149171233177185,0.7623212303447682,0.6052631578947368,0.5127388535031847,0.6632091685541457,0.6465338159689016,64,128,512,both,0.001,30,512,64,10,tcn_abnormlabs_baseline/permutation_1_10_label,101
0.7401236891746521,0.7798779057766939,0.7044198895027625,0.4845605700712589,0.7425414323806763,0.7677476370612262,0.7076923076923077,0.4394904458598726,0.675256106301649,0.6852230713356465,64,128,512,both,0.001,30,512,64,10,tcn_abnormlabs_baseline/permutation_1_6_label,102
0.6893687844276428,0.7719637029243784,0.8290598290598291,0.15203761755485892,0.699447512626648,0.758624591807042,0.8181818181818182,0.17197452229299362,0.668326708777931,0.6319042277877923,64,128,512,both,0.001,30,512,64,10,tcn_abnormlabs_baseline/permutation_1_1_label,103
0.7244361042976379,0.7455999505195448,0.6468085106382979,0.4851063829787234,0.7116022109985352,0.7037731578777199,0.6210045662100456,0.43312101910828027,0.6422945020004499,0.593778176200457,64,128,512,both,0.001,30,512,64,10,tcn_abnormlabs_baseline/permutation_1_2_label,104
0.7143019437789917,0.7605695915192482,0.6057385759829969,0.5501930501930502,0.720441997051239,0.754693545432011,0.6070175438596491,0.5509554140127388,0.6666230430442698,0.6502583930568001,64,128,512,both,0.001,30,512,64,5,tcn_abnormlabs_baseline/permutation_1_10_label,105
0.6240123510360718,0.7807714698531559,0.4885683179096353,0.8527315914489311,0.6187845468521118,0.7660017028247491,0.47186932849364793,0.8280254777070064,0.6856862308870401,0.6783212114805149,64,128,512,both,0.001,30,512,64,5,tcn_abnormlabs_baseline/permutation_1_6_label,106
0.7098560333251953,0.6706826770301026,0.75,0.26802507836990597,0.7005524635314941,0.6831129360794077,0.7128712871287128,0.22929936305732485,0.582198448879087,0.5825676448131099,64,128,512,both,0.001,30,512,64,5,tcn_abnormlabs_baseline/permutation_1_1_label,107
0.7300751805305481,0.7465861578426521,0.6773162939297125,0.451063829787234,0.7226519584655762,0.7454761981743132,0.6615384615384615,0.410828025477707,0.6598095201579754,0.6306989380075008,64,128,512,both,0.001,30,512,64,5,tcn_abnormlabs_baseline/permutation_1_2_label,108
0.6330640316009521,0.762953126511479,0.48876512387171117,0.8188545688545689,0.6298342347145081,0.7429165723646631,0.4788732394366197,0.7579617834394905,0.6375127663672346,0.6283322480645388,32,128,512,both,0.001,30,512,32,20,tcn_abnormlabs_baseline/permutation_1_10_label,109
0.6698728799819946,0.7398045316600814,0.5328074578702043,0.705938242280285,0.6651933789253235,0.7325837671225495,0.5141388174807198,0.6369426751592356,0.6300562558585991,0.6321453681089626,32,128,512,both,0.001,30,512,32,20,tcn_abnormlabs_baseline/permutation_1_6_label,110
0.6965669989585876,0.7019608579894363,0.6363636363636364,0.329153605015674,0.699447512626648,0.6903822733788139,0.6206896551724138,0.34394904458598724,0.5842943873392881,0.5590479653918122,32,128,512,both,0.001,30,512,32,20,tcn_abnormlabs_baseline/permutation_1_1_label,111
0.7210526466369629,0.7532626175160811,0.6398305084745762,0.4819148936170213,0.7127071619033813,0.7301076659445829,0.625,0.4299363057324841,0.6367959433153966,0.5950600529813665,32,128,512,both,0.001,30,512,32,20,tcn_abnormlabs_baseline/permutation_1_2_label,112
0.7461599707603455,0.7701929052043469,0.7085116500237756,0.4794079794079794,0.7348066568374634,0.7540603748369923,0.6989247311827957,0.4140127388535032,0.661956686091376,0.6717473093388009,32,128,512,both,0.001,30,512,32,10,tcn_abnormlabs_baseline/permutation_1_10_label,113
0.6753692626953125,0.7462018574221159,0.8028169014084507,0.13539192399049882,0.6895027756690979,0.7476693933417398,0.7796610169491526,0.1464968152866242,0.6351294245286718,0.6062627539739827,32,128,512,both,0.001,30,512,32,10,tcn_abnormlabs_baseline/permutation_1_6_label,114
0.6854928135871887,0.7090114656245975,0.6923076923076923,0.1974921630094044,0.6939226388931274,0.7044629096748466,0.6554621848739496,0.2484076433121019,0.5730486043127805,0.5629699796286228,32,128,512,both,0.001,30,512,32,10,tcn_abnormlabs_baseline/permutation_1_1_label,115
0.7259398698806763,0.7563882360217714,0.6382699868938401,0.5180851063829788,0.7182320356369019,0.7381152532143511,0.6244725738396625,0.4713375796178344,0.6474029635479059,0.6189916740118157,32,128,512,both,0.001,30,512,32,10,tcn_abnormlabs_baseline/permutation_1_2_label,116
0.6958698630332947,0.7600059762531158,0.8976234003656307,0.157979407979408,0.7016574740409851,0.755364436828435,0.9074074074074074,0.15605095541401273,0.6578292046423384,0.6546310533245903,32,128,512,both,0.001,30,512,32,5,tcn_abnormlabs_baseline/permutation_1_10_label,117
0.7064582705497742,0.7525642279134771,0.6020618556701031,0.5548693586698338,0.7027624249458313,0.734520999709011,0.5830258302583026,0.5031847133757962,0.6354377433630856,0.6093321500579538,32,128,512,both,0.001,30,512,32,5,tcn_abnormlabs_baseline/permutation_1_6_label,118
0.7098560333251953,0.6788464325589385,0.6325581395348837,0.4263322884012539,0.6939226388931274,0.6620377854656363,0.6010928961748634,0.3503184713375796,0.5869648146726383,0.5512275156947652,32,128,512,both,0.001,30,512,32,5,tcn_abnormlabs_baseline/permutation_1_1_label,119
0.7203007340431213,0.7431614918357249,0.7311320754716981,0.32978723404255317,0.7071823477745056,0.7148469074331534,0.6870229007633588,0.28662420382165604,0.6435787914131965,0.5971468142465556,32,128,512,both,0.001,30,512,32,5,tcn_abnormlabs_baseline/permutation_1_2_label,120
0.7488906383514404,0.7504970393986412,0.7140142517814727,0.48359073359073357,0.7138121724128723,0.7072865810943345,0.6519337016574586,0.37579617834394907,0.658587850327299,0.6150344474007271,128,128,512,both,0.001,30,512,128,20,tcn_abnormlabs_baseline/permutation_1_10_label,121
0.7409824728965759,0.7781080315964973,0.6952256376716809,0.5049881235154394,0.7314916849136353,0.7564206192677854,0.6563876651982379,0.4745222929936306,0.66220853065369,0.6532537446776134,128,128,512,both,0.001,30,512,128,20,tcn_abnormlabs_baseline/permutation_1_6_label,122
0.7331118583679199,0.7532381264224675,0.6893203883495146,0.445141065830721,0.710497260093689,0.737888928405919,0.634020618556701,0.39171974522292996,0.6576147017142764,0.61839181747975,128,128,512,both,0.001,30,512,128,20,tcn_abnormlabs_baseline/permutation_1_1_label,123
0.7315789461135864,0.7611609351806037,0.6877076411960132,0.44042553191489364,0.7071823477745056,0.743412331468848,0.6243654822335025,0.39171974522292996,0.6594138413165043,0.6254247862867331,128,128,512,both,0.001,30,512,128,20,tcn_abnormlabs_baseline/permutation_1_2_label,124
0.75844806432724,0.7810957725145369,0.6967638833399921,0.5611325611325612,0.7193370461463928,0.7628870423658487,0.6229508196721312,0.4840764331210191,0.6673943887653337,0.656568643269218,128,128,512,both,0.001,30,512,128,10,tcn_abnormlabs_baseline/permutation_1_10_label,125
0.7399519085884094,0.7820297956937918,0.7278334618350039,0.4484560570071259,0.7215469479560852,0.7683888906851176,0.6703296703296703,0.3885350318471338,0.6855858656203122,0.6659209754299833,128,128,512,both,0.001,30,512,128,10,tcn_abnormlabs_baseline/permutation_1_6_label,126
0.713178277015686,0.7556757794048181,0.7307692307692307,0.29780564263322884,0.7049723863601685,0.7459827346503282,0.6643356643356644,0.30254777070063693,0.6404655655454131,0.6207401715431435,128,128,512,both,0.001,30,512,128,10,tcn_abnormlabs_baseline/permutation_1_1_label,127
0.7259398698806763,0.7640963631865413,0.6645865834633385,0.4531914893617021,0.7171270847320557,0.7530014980546844,0.6435643564356436,0.4140127388535032,0.6514781103077527,0.6377543375420966,128,128,512,both,0.001,30,512,128,10,tcn_abnormlabs_baseline/permutation_1_2_label,128
0.708044171333313,0.7189086734281243,0.5883311603650587,0.5807593307593307,0.6872928142547607,0.669719357237544,0.5551601423487544,0.4968152866242038,0.6148765654089237,0.5407579752450176,128,128,512,both,0.001,30,512,128,5,tcn_abnormlabs_baseline/permutation_1_10_label,129
0.74562007188797,0.7899451515378083,0.7385321100917431,0.45890736342042754,0.7337016463279724,0.7653496718290278,0.7085714285714285,0.39490445859872614,0.6950341433543555,0.6681183707536184,128,128,512,both,0.001,30,512,128,5,tcn_abnormlabs_baseline/permutation_1_6_label,130
0.4246954619884491,0.6011434759737193,0.3741368487131199,0.9341692789968652,0.4121547043323517,0.5739381594404388,0.3644278606965174,0.9331210191082803,0.495110173002678,0.47953756016592686,128,128,512,both,0.001,30,512,128,5,tcn_abnormlabs_baseline/permutation_1_1_label,131
0.7447368502616882,0.7764460663038101,0.7164179104477612,0.4595744680851064,0.7248618602752686,0.7609417267505147,0.6649746192893401,0.4171974522292994,0.6824836961943133,0.6543638606665684,128,128,512,both,0.001,30,512,128,5,tcn_abnormlabs_baseline/permutation_1_2_label,132
0.7519626617431641,0.7715590555979572,0.7409138110072689,0.4591377091377091,0.7281767725944519,0.7580480024141312,0.6789473684210526,0.410828025477707,0.6552292277695738,0.6417485101306177,256,128,512,both,0.001,30,512,256,20,tcn_abnormlabs_baseline/permutation_1_10_label,133
0.7310202717781067,0.7810410791529194,0.6878048780487804,0.4688836104513064,0.7337016463279724,0.7548309569228446,0.6713615023474179,0.4554140127388535,0.681662500095167,0.6397442734618495,256,128,512,both,0.001,30,512,256,20,tcn_abnormlabs_baseline/permutation_1_6_label,134
0.7253599166870117,0.7624070028341994,0.6286231884057971,0.5438871473354232,0.7171270847320557,0.7508918275189413,0.6141732283464567,0.4968152866242038,0.6591168408465706,0.6246156001239507,256,128,512,both,0.001,30,512,256,20,tcn_abnormlabs_baseline/permutation_1_1_label,135
0.7172932624816895,0.7557459178624444,0.6530944625407166,0.42659574468085104,0.7060773372650146,0.7403731126127582,0.6176470588235294,0.4012738853503185,0.6396956144387782,0.6190177613504713,256,128,512,both,0.001,30,512,256,20,tcn_abnormlabs_baseline/permutation_1_2_label,136
0.7303447723388672,0.7728050239491888,0.615891959798995,0.6309523809523809,0.7071823477745056,0.7536346686497031,0.5787781350482315,0.5732484076433121,0.671058601427368,0.6402108275194017,256,128,512,both,0.001,30,512,256,10,tcn_abnormlabs_baseline/permutation_1_10_label,137
0.7516317367553711,0.7840117020277251,0.6964818127608825,0.5548693586698338,0.7237569093704224,0.769051699052669,0.6290322580645161,0.4968152866242038,0.6853383726592178,0.6783546701616019,256,128,512,both,0.001,30,512,256,10,tcn_abnormlabs_baseline/permutation_1_6_label,138
0.6954596042633057,0.7626156761283119,0.84375,0.16927899686520376,0.7016574740409851,0.7604028581590093,0.8793103448275862,0.1624203821656051,0.6716361435107102,0.6604825441067455,256,128,512,both,0.001,30,512,256,10,tcn_abnormlabs_baseline/permutation_1_1_label,139
0.726691722869873,0.7642268678871846,0.6573116691285081,0.4734042553191489,0.7127071619033813,0.7564152305818703,0.6163793103448276,0.4554140127388535,0.6537142534297234,0.6327937027021764,256,128,512,both,0.001,30,512,256,10,tcn_abnormlabs_baseline/permutation_1_2_label,140
0.7652747631072998,0.7890049629180063,0.7580246913580246,0.49388674388674386,0.7303867340087891,0.7666160130190651,0.6732673267326733,0.43312101910828027,0.6942341537270109,0.6703662955205932,256,128,512,both,0.001,30,512,256,5,tcn_abnormlabs_baseline/permutation_1_10_label,141
0.7485400438308716,0.7797470951019806,0.7407963936889557,0.4684085510688836,0.7237569093704224,0.7582743272225635,0.6702127659574468,0.4012738853503185,0.6926309430685063,0.6611689229466604,256,128,512,both,0.001,30,512,256,5,tcn_abnormlabs_baseline/permutation_1_6_label,142
0.5808416604995728,0.7595788422725127,0.45004198152812763,0.8401253918495298,0.5767955780029297,0.7465000484981733,0.44221105527638194,0.8407643312101911,0.665989805323187,0.6481692158990292,256,128,512,both,0.001,30,512,256,5,tcn_abnormlabs_baseline/permutation_1_1_label,143
0.7308270931243896,0.7631754082137556,0.7323651452282157,0.37553191489361704,0.7082872986793518,0.7505792837358682,0.654320987654321,0.3375796178343949,0.6582940402713349,0.6294137105813236,256,128,512,both,0.001,30,512,256,5,tcn_abnormlabs_baseline/permutation_1_2_label,144
0.7429741621017456,0.7689042048309783,0.6686531585220501,0.5415057915057915,0.7182320356369019,0.7574552469634755,0.6224066390041494,0.47770700636942676,0.6580968846407438,0.6559714808616571,64,64,256,both,0.001,30,256,64,20,tcn_abnormlabs_baseline/permutation_1_10_label,145
0.7397801280021667,0.7705852994874293,0.7045769764216366,0.4826603325415677,0.7292817831039429,0.7569702652311208,0.6733668341708543,0.4267515923566879,0.6687316187392734,0.6629812179610544,64,64,256,both,0.001,30,256,64,20,tcn_abnormlabs_baseline/permutation_1_6_label,146
0.7336655855178833,0.765104323227552,0.6919315403422983,0.44357366771159873,0.7116022109985352,0.7537747744834945,0.6387434554973822,0.3885350318471338,0.6653043973637205,0.6376244081195899,64,64,256,both,0.001,30,256,64,20,tcn_abnormlabs_baseline/permutation_1_1_label,147
0.7327067852020264,0.7637104156358239,0.6706408345752608,0.4787234042553192,0.7127071619033813,0.7550195609298718,0.635,0.40445859872611467,0.666268260565012,0.6431972239309208,64,64,256,both,0.001,30,256,64,20,tcn_abnormlabs_baseline/permutation_1_2_label,148
0.7303447723388672,0.7666658567688316,0.6484312148028962,0.5186615186615187,0.7237569093704224,0.7572504768987035,0.6333333333333333,0.4840764331210191,0.6525046224213378,0.654547599852578,64,64,256,both,0.001,30,256,64,10,tcn_abnormlabs_baseline/permutation_1_10_label,149
0.7299897074699402,0.7702574740056121,0.6492997198879552,0.5505938242280285,0.7215469479560852,0.7601819220364922,0.6201550387596899,0.5095541401273885,0.6642461990860663,0.661623447597258,64,64,256,both,0.001,30,256,64,10,tcn_abnormlabs_baseline/permutation_1_6_label,150
0.7181617021560669,0.7453192768497444,0.7128712871287128,0.3385579937304075,0.7116022109985352,0.7364555379525148,0.6962962962962963,0.29936305732484075,0.6407047861354614,0.6327283597453393,64,64,256,both,0.001,30,256,64,10,tcn_abnormlabs_baseline/permutation_1_1_label,151
0.7225564122200012,0.7621152894606629,0.6278481012658228,0.5276595744680851,0.7116022109985352,0.7594059512647247,0.6099585062240664,0.4681528662420382,0.66123466205506,0.6497996052254842,64,64,256,both,0.001,30,256,64,10,tcn_abnormlabs_baseline/permutation_1_2_label,152
0.740812361240387,0.7681300444458339,0.6668006430868167,0.5337837837837838,0.7259668707847595,0.7652041773093213,0.6410256410256411,0.47770700636942676,0.6718652142030098,0.6630393910312901,64,64,256,both,0.001,30,256,64,5,tcn_abnormlabs_baseline/permutation_1_10_label,153
0.7339402437210083,0.7648441359178506,0.7227564102564102,0.4285035629453682,0.7193370461463928,0.762617608070096,0.6764705882352942,0.3662420382165605,0.663781773393813,0.6580319381567955,64,64,256,both,0.001,30,256,64,5,tcn_abnormlabs_baseline/permutation_1_6_label,154
0.7248061895370483,0.760209558981406,0.6424242424242425,0.49843260188087773,0.7116022109985352,0.7325972388373372,0.6118143459915611,0.46178343949044587,0.6478750205416428,0.6005593678008181,64,64,256,both,0.001,30,256,64,5,tcn_abnormlabs_baseline/permutation_1_1_label,155
0.7424812316894531,0.7761414522513608,0.7046548956661316,0.46702127659574466,0.7138121724128723,0.7606938471984221,0.655367231638418,0.36942675159235666,0.6751541367925213,0.6591229487322434,64,64,256,both,0.001,30,256,64,5,tcn_abnormlabs_baseline/permutation_1_2_label,156
0.7247695922851562,0.7529095154953278,0.6276398666172657,0.545045045045045,0.7060773372650146,0.7475131214502031,0.5952380952380952,0.47770700636942676,0.6528264548361183,0.6345510412901992,32,64,256,both,0.001,30,256,32,20,tcn_abnormlabs_baseline/permutation_1_10_label,157
0.7282720804214478,0.7427643548260321,0.6502010338885698,0.5377672209026129,0.7237569093704224,0.7301777188614783,0.635593220338983,0.47770700636942676,0.6513954843257455,0.6375563232467824,32,64,256,both,0.001,30,256,32,20,tcn_abnormlabs_baseline/permutation_1_6_label,158
0.724252462387085,0.7392952613045904,0.6535087719298246,0.4670846394984326,0.7127071619033813,0.7413134383049349,0.6273584905660378,0.42356687898089174,0.6461902411382263,0.6298262486760704,32,64,256,both,0.001,30,256,32,20,tcn_abnormlabs_baseline/permutation_1_1_label,159
0.715413510799408,0.7470596239485403,0.6218375499334221,0.4968085106382979,0.7049723863601685,0.7382769137918028,0.6026200873362445,0.4394904458598726,0.6395297743450529,0.6221839102595487,32,64,256,both,0.001,30,256,32,20,tcn_abnormlabs_baseline/permutation_1_2_label,160
0.7269313931465149,0.7551532723157437,0.656084656084656,0.47876447876447875,0.7226519584655762,0.745751021155981,0.6465116279069767,0.4426751592356688,0.6373348920078961,0.6481984418871682,32,64,256,both,0.001,30,256,32,10,tcn_abnormlabs_baseline/permutation_1_10_label,161
0.7083476185798645,0.7359359992638306,0.6010928961748634,0.5748218527315915,0.7027624249458313,0.7276612025391488,0.5752508361204013,0.5477707006369427,0.6052681821604212,0.6098778386080135,32,64,256,both,0.001,30,256,32,10,tcn_abnormlabs_baseline/permutation_1_6_label,162
0.7236987948417664,0.7436230514879546,0.698005698005698,0.384012539184953,0.7116022109985352,0.7405239958183798,0.6606060606060606,0.3471337579617834,0.6454514315661893,0.6265762535210332,32,64,256,both,0.001,30,256,32,10,tcn_abnormlabs_baseline/permutation_1_1_label,163
0.7203007340431213,0.744406853043048,0.6384180790960452,0.4808510638297872,0.7127071619033813,0.7437087091941759,0.6298076923076923,0.4171974522292994,0.6406566358948899,0.6308702617481372,32,64,256,both,0.001,30,256,32,10,tcn_abnormlabs_baseline/permutation_1_2_label,164
0.7263625264167786,0.7671894302329085,0.6442347148132951,0.5051480051480052,0.7281767725944519,0.7546639076594781,0.6491228070175439,0.4713375796178344,0.6505974343260149,0.6554422013124789,32,64,256,both,0.001,30,256,32,5,tcn_abnormlabs_baseline/permutation_1_10_label,165
0.7311920523643494,0.7688104408262224,0.6875,0.47030878859857483,0.7138121724128723,0.7520611723625078,0.643979057591623,0.39171974522292996,0.6667922826125253,0.6407497753108229,32,64,256,both,0.001,30,256,32,5,tcn_abnormlabs_baseline/permutation_1_6_label,166
0.6483942270278931,0.6778084338901533,0.5019011406844106,0.6206896551724138,0.6508287191390991,0.6526884154030198,0.49728260869565216,0.5828025477707006,0.5633505849262893,0.5373079238929628,32,64,256,both,0.001,30,256,32,5,tcn_abnormlabs_baseline/permutation_1_1_label,167
0.7191729545593262,0.7583727115289461,0.6184049079754601,0.5361702127659574,0.720441997051239,0.7513498658217207,0.6186770428015564,0.5063694267515924,0.6538022918994439,0.6441794247446783,32,64,256,both,0.001,30,256,32,5,tcn_abnormlabs_baseline/permutation_1_2_label,168
0.7442257404327393,0.7729737998616717,0.694043321299639,0.4948519948519948,0.7270718216896057,0.752616207011758,0.6683417085427136,0.42356687898089174,0.6644585338030409,0.6562367974125753,128,64,256,both,0.001,30,256,128,20,tcn_abnormlabs_baseline/permutation_1_10_label,169
0.7262109518051147,0.7570802955158202,0.6541943270971635,0.5149643705463183,0.7116022109985352,0.7420489939323396,0.6188340807174888,0.4394904458598726,0.649487774114648,0.6394440490039075,128,64,256,both,0.001,30,256,128,20,tcn_abnormlabs_baseline/permutation_1_6_label,170
0.7159468531608582,0.7544244106153647,0.6102292768959435,0.542319749216301,0.6961326003074646,0.7475993404248441,0.5714285714285714,0.4968152866242038,0.6503263495112621,0.6347222782602533,128,64,256,both,0.001,30,256,128,20,tcn_abnormlabs_baseline/permutation_1_1_label,171
0.7323307991027832,0.7781883968332508,0.7953367875647669,0.32659574468085106,0.7171270847320557,0.7607423453716575,0.7301587301587301,0.2929936305732484,0.6747723446439375,0.6516412988933737,128,64,256,both,0.001,30,256,128,20,tcn_abnormlabs_baseline/permutation_1_2_label,172
0.7458186149597168,0.7683530212134331,0.6605437178545187,0.5785070785070785,0.7182320356369019,0.7540118766637568,0.6184738955823293,0.49044585987261147,0.6647020917969788,0.6504502665795511,128,64,256,both,0.001,30,256,128,10,tcn_abnormlabs_baseline/permutation_1_10_label,173
0.7464788556098938,0.7741419823025363,0.7170462387853692,0.4935866983372922,0.7193370461463928,0.7553536594566049,0.6351351351351351,0.44904458598726116,0.6720966698163134,0.6478893854500674,128,64,256,both,0.001,30,256,128,10,tcn_abnormlabs_baseline/permutation_1_6_label,174
0.7336655855178833,0.7591064757160647,0.6882494004796164,0.4498432601880878,0.7149171233177185,0.7456055266362743,0.6473684210526316,0.39171974522292996,0.6592114575670328,0.6397201599686233,128,64,256,both,0.001,30,256,128,10,tcn_abnormlabs_baseline/permutation_1_1_label,175
0.7345864772796631,0.7623936170212766,0.6515544041450777,0.5351063829787234,0.7237569093704224,0.7578109002338689,0.6311475409836066,0.49044585987261147,0.6578053768939385,0.6540123352573762,128,64,256,both,0.001,30,256,128,10,tcn_abnormlabs_baseline/permutation_1_2_label,176
0.7232905030250549,0.7652272969778691,0.6290076335877862,0.5302445302445302,0.7049723863601685,0.7470496944615086,0.592156862745098,0.48089171974522293,0.6513754936901819,0.6381247252780045,128,64,256,both,0.001,30,256,128,5,tcn_abnormlabs_baseline/permutation_1_10_label,177
0.7227756977081299,0.7669442000131641,0.6418255343731947,0.527790973871734,0.7071823477745056,0.7507463329992349,0.5938697318007663,0.49363057324840764,0.6711966892804597,0.6434451053904586,128,64,256,both,0.001,30,256,128,5,tcn_abnormlabs_baseline/permutation_1_6_label,178
0.7425249218940735,0.7653170223729978,0.6699410609037328,0.5344827586206896,0.7182320356369019,0.7553509651136473,0.6224066390041494,0.47770700636942676,0.6610217759384931,0.6498751195871253,128,64,256,both,0.001,30,256,128,5,tcn_abnormlabs_baseline/permutation_1_1_label,179
0.726691722869873,0.7679162543295397,0.6309963099630996,0.5457446808510639,0.7149171233177185,0.7527617015314645,0.6044776119402985,0.5159235668789809,0.6660858755942228,0.6523194750798254,128,64,256,both,0.001,30,256,128,5,tcn_abnormlabs_baseline/permutation_1_2_label,180
0.755717396736145,0.7740526630686814,0.7193062528525788,0.5070785070785071,0.7193370461463928,0.7469365320572925,0.6339285714285714,0.45222929936305734,0.6690279015153574,0.6446565784277932,256,64,256,both,0.001,30,256,256,20,tcn_abnormlabs_baseline/permutation_1_10_label,181
0.7439024448394775,0.7616840388610588,0.7049399198931909,0.5016627078384798,0.7270718216896057,0.7532143511483289,0.6529680365296804,0.4554140127388535,0.6671001101105428,0.6456592629212712,256,64,256,both,0.001,30,256,256,20,tcn_abnormlabs_baseline/permutation_1_6_label,182
0.7115171551704407,0.7454373684888564,0.6,0.5501567398119123,0.7049723863601685,0.7300861112009226,0.5775577557755776,0.5573248407643312,0.6346138215800371,0.6226076061646807,256,64,256,both,0.001,30,256,256,20,tcn_abnormlabs_baseline/permutation_1_1_label,183
0.7526316046714783,0.7760335230084117,0.6936813186813187,0.5372340425531915,0.7149171233177185,0.7589263582182849,0.6238938053097345,0.44904458598726116,0.6683874425136087,0.6568549343412582,256,64,256,both,0.001,30,256,256,20,tcn_abnormlabs_baseline/permutation_1_2_label,184
0.7306860685348511,0.765696046588495,0.6860873932697137,0.4395109395109395,0.7259668707847595,0.7487390474958777,0.671875,0.410828025477707,0.6398147799628535,0.6400736677057725,256,64,256,both,0.001,30,256,256,10,tcn_abnormlabs_baseline/permutation_1_10_label,185
0.7346272468566895,0.7543170398317547,0.6505376344086021,0.5748218527315915,0.7038673758506775,0.7369405196848697,0.5815602836879432,0.5222929936305732,0.6575319558465745,0.6361861939494475,256,64,256,both,0.001,30,256,256,10,tcn_abnormlabs_baseline/permutation_1_6_label,186
0.7181617021560669,0.761359610512303,0.6129597197898424,0.54858934169279,0.7060773372650146,0.7534406759567612,0.5888888888888889,0.5063694267515924,0.6566909344960423,0.6383933155220436,256,64,256,both,0.001,30,256,256,10,tcn_abnormlabs_baseline/permutation_1_1_label,187
0.6924812197685242,0.7763730826323602,0.5492730210016155,0.723404255319149,0.7027624249458313,0.7660986991712202,0.5581395348837209,0.6878980891719745,0.6728410532282336,0.6645663013287978,256,64,256,both,0.001,30,256,256,10,tcn_abnormlabs_baseline/permutation_1_2_label,188
0.7452497482299805,0.765366650378092,0.7001381851681253,0.48906048906048905,0.7226519584655762,0.7529503055384914,0.6598984771573604,0.4140127388535032,0.6493359439999093,0.6493708848663503,256,64,256,both,0.001,30,256,256,5,tcn_abnormlabs_baseline/permutation_1_10_label,189
0.7478529810905457,0.7734140563642556,0.700693131695022,0.5282660332541568,0.7281767725944519,0.7652957849698773,0.6491228070175439,0.4713375796178344,0.6718967309820193,0.6627954089910875,256,64,256,both,0.001,30,256,256,5,tcn_abnormlabs_baseline/permutation_1_6_label,190
0.7513842582702637,0.7802878215313265,0.727710843373494,0.47335423197492166,0.7248618602752686,0.7663519674092276,0.6633165829145728,0.42038216560509556,0.6861073543644554,0.6679490435624504,256,64,256,both,0.001,30,256,256,5,tcn_abnormlabs_baseline/permutation_1_1_label,191
0.7176691889762878,0.7612756679861454,0.6060606060606061,0.574468085106383,0.7116022109985352,0.7505038421330573,0.5963636363636363,0.5222929936305732,0.6562035476699617,0.6452606948824002,256,64,256,both,0.001,30,256,256,5,tcn_abnormlabs_baseline/permutation_1_2_label,192
0.7066788077354431,0.754341222304609,0.5896481732070366,0.5608108108108109,0.7027624249458313,0.740761097998642,0.5824175824175825,0.5063694267515924,0.6319364074399403,0.6102882228785935,64,64,128,both,0.001,30,128,64,20,tcn_abnormlabs_baseline/permutation_1_10_label,193
0.6877361536026001,0.7201207522476496,0.6081386586284853,0.3833729216152019,0.680662989616394,0.7089570737280008,0.5555555555555556,0.3980891719745223,0.5638391542614875,0.5404431942475503,64,64,128,both,0.001,30,128,64,20,tcn_abnormlabs_baseline/permutation_1_6_label,194
0.7225913405418396,0.7507045239833384,0.6619385342789598,0.438871473354232,0.7071823477745056,0.7362884886891482,0.6282722513089005,0.3821656050955414,0.6326010705305058,0.6182266737502824,64,64,128,both,0.001,30,128,64,20,tcn_abnormlabs_baseline/permutation_1_1_label,195
0.7319548726081848,0.7642114052449283,0.6676514032496307,0.4808510638297872,0.710497260093689,0.7472221324107903,0.6214953271028038,0.42356687898089174,0.6462439525347436,0.6234818486920632,64,64,128,both,0.001,30,128,64,20,tcn_abnormlabs_baseline/permutation_1_2_label,196
0.7363750338554382,0.7492362606779083,0.671286271113036,0.49871299871299873,0.7116022109985352,0.7350005927554507,0.6147186147186147,0.45222929936305734,0.6275917627987045,0.5847133805865559,64,64,128,both,0.001,30,128,64,10,tcn_abnormlabs_baseline/permutation_1_10_label,197
0.7138440608978271,0.754462037106266,0.6243626062322947,0.5235154394299287,0.7215469479560852,0.7427333570435513,0.6156716417910447,0.5254777070063694,0.626845339562238,0.6029855145597381,64,64,128,both,0.001,30,128,64,10,tcn_abnormlabs_baseline/permutation_1_6_label,198
0.7303432822227478,0.7575873878129428,0.6659340659340659,0.47492163009404387,0.710497260093689,0.7386379557481112,0.63,0.4012738853503185,0.6397829617585995,0.6127554851128028,64,64,128,both,0.001,30,128,64,10,tcn_abnormlabs_baseline/permutation_1_1_label,199
0.7315789461135864,0.7605312963879267,0.7373949579831933,0.37340425531914895,0.720441997051239,0.747367626930497,0.7103448275862069,0.32802547770700635,0.6356755887907882,0.6157940702123904,64,64,128,both,0.001,30,128,64,10,tcn_abnormlabs_baseline/permutation_1_2_label,200
0.729320764541626,0.7538161479809077,0.6839979808177689,0.43597168597168595,0.7127071619033813,0.7390528845635703,0.6551724137931034,0.3630573248407643,0.636991952518855,0.6089715772691895,64,64,128,both,0.001,30,128,64,5,tcn_abnormlabs_baseline/permutation_1_10_label,201
0.7347990274429321,0.7490209648549356,0.7136329017517137,0.4451306413301663,0.7193370461463928,0.7376248827960813,0.6578947368421053,0.3980891719745223,0.6465852564984111,0.6125684948595327,64,64,128,both,0.001,30,128,64,5,tcn_abnormlabs_baseline/permutation_1_6_label,202
0.723145067691803,0.7522356894404603,0.6742424242424242,0.41849529780564265,0.7060773372650146,0.7433799993533577,0.6363636363636364,0.35668789808917195,0.6475760548630114,0.621304715383096,64,64,128,both,0.001,30,128,64,5,tcn_abnormlabs_baseline/permutation_1_1_label,203
0.7428571581840515,0.7629447055912914,0.7269503546099291,0.43617021276595747,0.7182320356369019,0.7439943095476738,0.6612021857923497,0.3853503184713376,0.6440648849167169,0.6118278896201832,64,64,128,both,0.001,30,128,64,5,tcn_abnormlabs_baseline/permutation_1_2_label,204
0.7191944718360901,0.7465667977681707,0.6841196777905638,0.38256113256113256,0.7193370461463928,0.7447648916335262,0.689873417721519,0.3471337579617834,0.6344499269462776,0.6241698818661882,32,64,128,both,0.001,30,128,32,20,tcn_abnormlabs_baseline/permutation_1_10_label,205
0.7049124240875244,0.7544612702630338,0.5908024401689348,0.5980997624703088,0.710497260093689,0.7453037602250314,0.5833333333333334,0.5796178343949044,0.6485059497347576,0.6152973808802004,32,64,128,both,0.001,30,128,32,20,tcn_abnormlabs_baseline/permutation_1_6_label,206
0.7137320041656494,0.7495531305019968,0.6397228637413395,0.4341692789968652,0.6939226388931274,0.7311854031275933,0.5939086294416244,0.37261146496815284,0.633736956032963,0.5980711517171886,32,64,128,both,0.001,30,128,32,20,tcn_abnormlabs_baseline/permutation_1_1_label,207
0.718796968460083,0.7468756185056902,0.6283422459893048,0.5,0.7027624249458313,0.7348066000625088,0.600896860986547,0.4267515923566879,0.6255940622237068,0.6030163470201332,32,64,128,both,0.001,30,128,32,20,tcn_abnormlabs_baseline/permutation_1_2_label,208
0.720445990562439,0.7491571682075113,0.636707265854683,0.4877734877734878,0.7082872986793518,0.7392091564551069,0.616822429906542,0.42038216560509556,0.6353084091881758,0.6136937099004041,32,64,128,both,0.001,30,128,32,10,tcn_abnormlabs_baseline/permutation_1_10_label,209
0.721401572227478,0.7544882375833702,0.7044877222692634,0.395249406175772,0.7215469479560852,0.7486609115501094,0.691358024691358,0.35668789808917195,0.6406971785808749,0.634990358446102,32,64,128,both,0.001,30,128,32,10,tcn_abnormlabs_baseline/permutation_1_6_label,210
0.7087486386299133,0.7227322379439172,0.6637426900584795,0.3557993730407524,0.7049723863601685,0.7048239516311552,0.6496815286624203,0.3248407643312102,0.5960362695705684,0.5840438432965882,32,64,128,both,0.001,30,128,32,10,tcn_abnormlabs_baseline/permutation_1_1_label,211
0.7071428298950195,0.7533405492330529,0.6041397153945667,0.4968085106382979,0.7149171233177185,0.7452875941672863,0.6206896551724138,0.4585987261146497,0.630936671654339,0.6240342469874232,32,64,128,both,0.001,30,128,32,10,tcn_abnormlabs_baseline/permutation_1_2_label,212
0.7191944718360901,0.7477992300646764,0.6482854494902688,0.45012870012870015,0.7071823477745056,0.7333247114358693,0.6269430051813472,0.3853503184713376,0.6276619935455461,0.6044667951048791,32,64,128,both,0.001,30,128,32,5,tcn_abnormlabs_baseline/permutation_1_10_label,213
0.6982136964797974,0.7499261593870877,0.584384093113482,0.5724465558194775,0.7016574740409851,0.7408419282873678,0.5718954248366013,0.5573248407643312,0.6439374143295693,0.6194816706701567,32,64,128,both,0.001,30,128,32,5,tcn_abnormlabs_baseline/permutation_1_6_label,214
0.723145067691803,0.7518881242753467,0.6658653846153846,0.4341692789968652,0.7160220742225647,0.7467263733066055,0.6557377049180327,0.3821656050955414,0.6301503011654674,0.6209927215650827,32,64,128,both,0.001,30,128,32,5,tcn_abnormlabs_baseline/permutation_1_1_label,215
0.7251879572868347,0.7576453488372092,0.6625194401244168,0.4531914893617021,0.7182320356369019,0.7455193076616337,0.6594594594594595,0.3885350318471338,0.6451668671383014,0.6243019080310006,32,64,128,both,0.001,30,128,32,5,tcn_abnormlabs_baseline/permutation_1_2_label,216
0.7282967567443848,0.7546714680581957,0.6923076923076923,0.416988416988417,0.7149171233177185,0.7412191363014216,0.6555555555555556,0.37579617834394907,0.6370968491384318,0.610231351126612,128,64,128,both,0.001,30,128,128,20,tcn_abnormlabs_baseline/permutation_1_10_label,217
0.728787362575531,0.7552874799422566,0.6590084643288996,0.517814726840855,0.7071823477745056,0.7465216032418334,0.6,0.4681528662420382,0.6406543460264805,0.6097813304391174,128,64,128,both,0.001,30,128,128,20,tcn_abnormlabs_baseline/permutation_1_6_label,218
0.7059800624847412,0.7596499656460686,0.5824345146379045,0.5924764890282131,0.7016574740409851,0.7409065925183486,0.5753424657534246,0.535031847133758,0.6241391821650699,0.6143254904905834,128,64,128,both,0.001,30,128,128,20,tcn_abnormlabs_baseline/permutation_1_1_label,219
0.7255638837814331,0.757136937159822,0.6640625,0.4521276595744681,0.7016574740409851,0.745618998351062,0.61,0.3885350318471338,0.6293934199131933,0.619019342536772,128,64,128,both,0.001,30,128,128,20,tcn_abnormlabs_baseline/permutation_1_2_label,220
0.7453635334968567,0.7541824143654808,0.684634974533107,0.518983268983269,0.7127071619033813,0.7379751473805598,0.6261682242990654,0.4267515923566879,0.627952170449101,0.6068236651947169,128,64,128,both,0.001,30,128,128,10,tcn_abnormlabs_baseline/permutation_1_10_label,221
0.7313637733459473,0.7618261604734491,0.6544831524842947,0.5444180522565321,0.7082872986793518,0.7447702803194414,0.5968992248062015,0.49044585987261147,0.6364797629530667,0.6036755219065769,128,64,128,both,0.001,30,128,128,10,tcn_abnormlabs_baseline/permutation_1_6_label,222
0.736987829208374,0.763165875810538,0.691764705882353,0.4608150470219436,0.7160220742225647,0.7458264627587916,0.6557377049180327,0.3821656050955414,0.6474943129145866,0.6185744616797937,128,64,128,both,0.001,30,128,128,10,tcn_abnormlabs_baseline/permutation_1_1_label,223
0.7285714149475098,0.7602127659574468,0.6255760368663594,0.5776595744680851,0.7027624249458313,0.7413915742507033,0.5806451612903226,0.5159235668789809,0.6478664684846362,0.6166355869938249,128,64,128,both,0.001,30,128,128,10,tcn_abnormlabs_baseline/permutation_1_2_label,224
0.7369439005851746,0.7639971301298534,0.6685012701100762,0.508043758043758,0.7060773372650146,0.735453242372315,0.6061946902654868,0.43630573248407645,0.6398595491248092,0.5942588650786605,128,64,128,both,0.001,30,128,128,5,tcn_abnormlabs_baseline/permutation_1_10_label,225
0.7368601560592651,0.7496585310990078,0.6918955123911588,0.49073634204275535,0.7127071619033813,0.7353131365385237,0.625,0.4299363057324841,0.6320871559946933,0.6097060303576074,128,64,128,both,0.001,30,128,128,5,tcn_abnormlabs_baseline/permutation_1_6_label,226
0.6866002082824707,0.7548645703611457,0.5435835351089588,0.7037617554858934,0.6674033403396606,0.7394785907508595,0.5165394402035624,0.6464968152866242,0.6416595650629118,0.6197134354067227,128,64,128,both,0.001,30,128,128,5,tcn_abnormlabs_baseline/permutation_1_1_label,227
0.7214285731315613,0.7548651657595249,0.6607431340872375,0.4351063829787234,0.7116022109985352,0.7403353918113529,0.6432432432432432,0.37898089171974525,0.6392905477258317,0.6201231762818797,128,64,128,both,0.001,30,128,128,5,tcn_abnormlabs_baseline/permutation_1_2_label,228
0.7260211706161499,0.7470800068054073,0.6484308736217134,0.49195624195624194,0.7138121724128723,0.736875855453889,0.6200873362445415,0.45222929936305734,0.6165770429903997,0.5990788800638904,256,64,128,both,0.001,30,128,256,20,tcn_abnormlabs_baseline/permutation_1_10_label,229
0.747681200504303,0.7577269999750775,0.7010113780025284,0.5268408551068884,0.7138121724128723,0.7424585340618837,0.6222222222222222,0.445859872611465,0.6418248955118612,0.6047234421393141,256,64,128,both,0.001,30,128,256,20,tcn_abnormlabs_baseline/permutation_1_6_label,230
0.7325581312179565,0.7616977820243054,0.707774798927614,0.41379310344827586,0.710497260093689,0.7345533318245012,0.6529411764705882,0.3535031847133758,0.6504074298320514,0.6081556695633328,256,64,128,both,0.001,30,128,256,20,tcn_abnormlabs_baseline/permutation_1_1_label,231
0.726691722869873,0.7643168604651163,0.6278511404561825,0.5563829787234043,0.7060773372650146,0.7452067638785606,0.5882352941176471,0.5095541401273885,0.6449758597627491,0.6208750363304468,256,64,128,both,0.001,30,128,256,20,tcn_abnormlabs_baseline/permutation_1_2_label,232
0.745022177696228,0.7731387245117223,0.6864516129032258,0.5135135135135135,0.7160220742225647,0.7394624246931143,0.6192468619246861,0.4713375796178344,0.6495973344686551,0.5941973689398905,256,64,128,both,0.001,30,128,256,10,tcn_abnormlabs_baseline/permutation_1_10_label,233
0.738234281539917,0.756142190628281,0.6830497794580971,0.5149643705463183,0.7082872986793518,0.7392899867438327,0.6077586206896551,0.44904458598726116,0.6372100029290876,0.5910665626094626,256,64,128,both,0.001,30,128,256,10,tcn_abnormlabs_baseline/permutation_1_6_label,234
0.7358803749084473,0.7552550779404819,0.6867749419953596,0.46394984326018807,0.7071823477745056,0.7388858353002037,0.6256410256410256,0.3885350318471338,0.642924475123257,0.6149359592551669,256,64,128,both,0.001,30,128,256,10,tcn_abnormlabs_baseline/permutation_1_1_label,235
0.7191729545593262,0.7521548738248391,0.6248382923673997,0.5138297872340426,0.6972375512123108,0.7374686109045449,0.5806451612903226,0.4585987261146497,0.6378423533838705,0.6154378566216956,256,64,128,both,0.001,30,128,256,10,tcn_abnormlabs_baseline/permutation_1_2_label,236
0.7288656234741211,0.7606533281590491,0.7289955780164246,0.3712998712998713,0.7237569093704224,0.7397641911043572,0.7,0.35668789808917195,0.6365620476820739,0.5994381117722934,256,64,128,both,0.001,30,128,256,5,tcn_abnormlabs_baseline/permutation_1_10_label,237
0.7277567982673645,0.7541083945689606,0.6724137931034483,0.4817102137767221,0.7215469479560852,0.7459180704193475,0.6396396396396397,0.45222929936305734,0.637366910433104,0.606469703241578,256,64,128,both,0.001,30,128,256,5,tcn_abnormlabs_baseline/permutation_1_6_label,238
0.7165005803108215,0.7590769528062868,0.6009615384615384,0.5877742946708464,0.7049723863601685,0.7388427258128832,0.5791245791245792,0.5477707006369427,0.6479334712838384,0.6208168809762784,256,64,128,both,0.001,30,128,256,5,tcn_abnormlabs_baseline/permutation_1_1_label,239
0.7127819657325745,0.7534698169223157,0.6040189125295509,0.5436170212765957,0.7082872986793518,0.7373285050707534,0.5946969696969697,0.5,0.6351376370584458,0.6205094248727371,256,64,128,both,0.001,30,128,256,5,tcn_abnormlabs_baseline/permutation_1_2_label,240
0.7099784016609192,0.7535465029744206,0.6964160224877021,0.31885456885456886,0.7071823477745056,0.7518941230991409,0.6689655172413793,0.3089171974522293,0.6226633339930662,0.6416397776686658,64,64,512,both,0.001,30,512,64,20,tcn_abnormlabs_baseline/permutation_1_10_label,241
0.7174510359764099,0.7379532442900534,0.7110091743119266,0.3681710213776722,0.6939226388931274,0.7275426514490176,0.6163522012578616,0.31210191082802546,0.6433899655154326,0.5933862984024452,64,64,512,both,0.001,30,512,64,20,tcn_abnormlabs_baseline/permutation_1_6_label,242
0.6960132718086243,0.7244432247605961,0.5745393634840871,0.5376175548589341,0.699447512626648,0.7142810954120727,0.5766423357664233,0.5031847133757962,0.5977888383265193,0.5723460306307486,64,64,512,both,0.001,30,512,64,20,tcn_abnormlabs_baseline/permutation_1_1_label,243
0.719924807548523,0.7516347105393371,0.609673790776153,0.5765957446808511,0.7005524635314941,0.7451852091349003,0.5759717314487632,0.5191082802547771,0.6418212870437146,0.6264251785741393,64,64,512,both,0.001,30,512,64,20,tcn_abnormlabs_baseline/permutation_1_2_label,244
0.7229491472244263,0.7387793469029167,0.6781365802011646,0.41216216216216217,0.6983425617218018,0.7295041331220968,0.6257668711656442,0.3248407643312102,0.636203619183556,0.6092820872493706,64,64,512,both,0.001,30,512,64,10,tcn_abnormlabs_baseline/permutation_1_10_label,245
0.7222604155540466,0.7667705739246462,0.6343612334801763,0.5472684085510688,0.7270718216896057,0.7530958000581979,0.6334661354581673,0.5063694267515924,0.6694437914684953,0.6355612423664774,64,64,512,both,0.001,30,512,64,10,tcn_abnormlabs_baseline/permutation_1_6_label,246
0.5343300104141235,0.6968171619358441,0.417946645109135,0.8103448275862069,0.5138121843338013,0.6907029001907594,0.40031645569620256,0.8057324840764332,0.6112878572958693,0.5890619124662804,64,64,512,both,0.001,30,512,64,10,tcn_abnormlabs_baseline/permutation_1_1_label,247
0.718796968460083,0.7405136689757545,0.6395348837209303,0.46808510638297873,0.7027624249458313,0.7194434565186933,0.6027397260273972,0.42038216560509556,0.6153703409461398,0.588528320284933,64,64,512,both,0.001,30,512,64,10,tcn_abnormlabs_baseline/permutation_1_2_label,248
0.6352258324623108,0.6990670543302122,0.48750637429882715,0.6151866151866152,0.6176795363426208,0.6694256738551736,0.46190476190476193,0.6178343949044586,0.6078585914811839,0.587820417326234,64,64,512,both,0.001,30,512,64,5,tcn_abnormlabs_baseline/permutation_1_10_label,249
0.7323943376541138,0.7842236702778593,0.6346627277203348,0.6123515439429928,0.7281767725944519,0.7618685807279038,0.6172413793103448,0.5700636942675159,0.6986336575686979,0.6617382396433822,64,64,512,both,0.001,30,512,64,5,tcn_abnormlabs_baseline/permutation_1_6_label,250
0.7026578187942505,0.7145302368274145,0.5884413309982487,0.5266457680250783,0.6983425617218018,0.6905816547576706,0.5756457564575646,0.4968152866242038,0.614843854059673,0.5816788830124986,64,64,512,both,0.001,30,512,64,5,tcn_abnormlabs_baseline/permutation_1_1_label,251
0.42744362354278564,0.7738433943592281,0.3793959453868432,0.975531914893617,0.4165745973587036,0.7500026943429575,0.36982968369829683,0.9681528662420382,0.6847523307364264,0.6449772640745374,64,64,512,both,0.001,30,512,64,5,tcn_abnormlabs_baseline/permutation_1_2_label,252
0.6872226595878601,0.7501267801611051,0.5424450224639394,0.7380952380952381,0.6961326003074646,0.7254491469710197,0.5511811023622047,0.6687898089171974,0.6446654610891405,0.6194353336111175,32,64,512,both,0.001,30,512,32,20,tcn_abnormlabs_baseline/permutation_1_10_label,253
0.7236344814300537,0.7762424937230686,0.7755555555555556,0.3315914489311164,0.7193370461463928,0.7634097448996089,0.7380952380952381,0.2961783439490446,0.6800227064639155,0.6562154935774491,32,64,512,both,0.001,30,512,32,20,tcn_abnormlabs_baseline/permutation_1_6_label,254
0.6965669989585876,0.7209038304633486,0.5872093023255814,0.47492163009404387,0.6961326003074646,0.7074536303577009,0.5829787234042553,0.43630573248407645,0.5880202067241894,0.5869784913717259,32,64,512,both,0.001,30,512,32,20,tcn_abnormlabs_baseline/permutation_1_1_label,255
0.4913533926010132,0.6610372340425532,0.39194139194139194,0.7968085106382978,0.4795580208301544,0.6452789722698222,0.3819548872180451,0.8089171974522293,0.5735949513978571,0.5376312962915114,32,64,512,both,0.001,30,512,32,20,tcn_abnormlabs_baseline/permutation_1_2_label,256
0.7157810926437378,0.7430986509933879,0.7055256064690026,0.33687258687258687,0.7038673758506775,0.739766885447315,0.6554054054054054,0.3089171974522293,0.6254443177661667,0.5986170946354976,32,64,512,both,0.001,30,512,32,10,tcn_abnormlabs_baseline/permutation_1_10_label,257
0.7069735527038574,0.7613080939664135,0.5939707960433349,0.5990498812351543,0.7027624249458313,0.7481004882149439,0.5714285714285714,0.5732484076433121,0.6597780136938705,0.6254364396595657,32,64,512,both,0.001,30,512,32,10,tcn_abnormlabs_baseline/permutation_1_6_label,258
0.6827242374420166,0.6777896465839309,0.5768321513002365,0.3824451410658307,0.7038673758506775,0.6770910795693362,0.6116504854368932,0.4012738853503185,0.5762511617718564,0.5541512305160481,32,64,512,both,0.001,30,512,32,10,tcn_abnormlabs_baseline/permutation_1_1_label,259
0.42518797516822815,0.6202746165264721,0.37122868386532576,0.9031914893617021,0.4110497236251831,0.598569842758145,0.35979513444302175,0.8949044585987261,0.5117015839892707,0.5002424156482872,32,64,512,both,0.001,30,512,32,10,tcn_abnormlabs_baseline/permutation_1_2_label,260
0.663556694984436,0.7661624457963131,0.5155509783728115,0.8053410553410554,0.6651933789253235,0.7465916561587291,0.5120350109409191,0.7452229299363057,0.6366776338191473,0.6442027179888223,32,64,512,both,0.001,30,512,32,5,tcn_abnormlabs_baseline/permutation_1_10_label,261
0.7226039171218872,0.7608503524603206,0.6864535768645358,0.4285035629453682,0.7215469479560852,0.7533059588088848,0.6648936170212766,0.3980891719745223,0.6565546692220449,0.6356737928322999,32,64,512,both,0.001,30,512,32,5,tcn_abnormlabs_baseline/permutation_1_6_label,262
0.7054263353347778,0.7542855187443638,0.75,0.24921630094043887,0.6950276494026184,0.725174323989352,0.6532258064516129,0.25796178343949044,0.6326698247152934,0.5980297206987513,32,64,512,both,0.001,30,512,32,5,tcn_abnormlabs_baseline/permutation_1_1_label,263
0.7225564122200012,0.7383189015338941,0.7234513274336283,0.3478723404255319,0.7082872986793518,0.7304336814424434,0.6666666666666666,0.3184713375796178,0.6391664102253853,0.6089398234457687,32,64,512,both,0.001,30,512,32,5,tcn_abnormlabs_baseline/permutation_1_2_label,264
0.7409261465072632,0.7831171755656882,0.6345095500161865,0.6306306306306306,0.7149171233177185,0.7555476521495468,0.5921052631578947,0.5732484076433121,0.678798812902599,0.644185678760788,128,64,512,both,0.001,30,512,128,20,tcn_abnormlabs_baseline/permutation_1_10_label,265
0.7464788556098938,0.7729871163946609,0.7197763801537387,0.48931116389548696,0.7270718216896057,0.7577354586310582,0.6666666666666666,0.4267515923566879,0.680335126307511,0.6506743114888779,128,64,512,both,0.001,30,512,128,20,tcn_abnormlabs_baseline/permutation_1_6_label,266
0.7314507365226746,0.7595077188989565,0.7084468664850136,0.40752351097178685,0.699447512626648,0.7296765710713785,0.6153846153846154,0.35668789808917195,0.6434389120075278,0.6066937869961456,128,64,512,both,0.001,30,512,128,20,tcn_abnormlabs_baseline/permutation_1_1_label,267
0.718796968460083,0.7598255813953488,0.6215189873417721,0.5223404255319148,0.7270718216896057,0.7537047215665987,0.6324110671936759,0.5095541401273885,0.6571653153995376,0.6341890011024724,128,64,512,both,0.001,30,512,128,20,tcn_abnormlabs_baseline/permutation_1_2_label,268
0.7223802208900452,0.7635248973921743,0.6326449563145353,0.5125482625482626,0.7182320356369019,0.7201008762003297,0.6322869955156951,0.44904458598726116,0.6749595803561345,0.6158836218990045,128,64,512,both,0.001,30,512,128,10,tcn_abnormlabs_baseline/permutation_1_10_label,269
0.7262109518051147,0.7579736678814742,0.643458731049972,0.5444180522565321,0.709392249584198,0.7489788440190975,0.6,0.4872611464968153,0.6489086449957451,0.6342049396230758,128,64,512,both,0.001,30,512,128,10,tcn_abnormlabs_baseline/permutation_1_6_label,270
0.724252462387085,0.7702627807360329,0.617056856187291,0.5783699059561128,0.7248618602752686,0.7594706154957053,0.6181818181818182,0.5414012738853503,0.6557714010758923,0.638841611741198,128,64,512,both,0.001,30,512,128,10,tcn_abnormlabs_baseline/permutation_1_1_label,271
0.7285714149475098,0.7634135329045028,0.7072243346007605,0.39574468085106385,0.7049723863601685,0.7528317544483603,0.6358381502890174,0.3503184713375796,0.6581695993527094,0.6232888794889977,128,64,512,both,0.001,30,512,128,10,tcn_abnormlabs_baseline/permutation_1_2_label,272
0.7319376468658447,0.7547375058816708,0.6510040160642571,0.5215572715572716,0.709392249584198,0.7392414885705971,0.6007905138339921,0.4840764331210191,0.6524959494573401,0.6112078410870703,128,64,512,both,0.001,30,512,128,5,tcn_abnormlabs_baseline/permutation_1_10_label,273
0.7277567982673645,0.7617804054939206,0.6506373117033604,0.5334916864608076,0.7182320356369019,0.7462198368305906,0.6234309623430963,0.4745222929936306,0.6732491487183082,0.6479847043016072,128,64,512,both,0.001,30,512,128,5,tcn_abnormlabs_baseline/permutation_1_6_label,274
0.7452934384346008,0.7586481996392836,0.7160194174757282,0.46238244514106586,0.7281767725944519,0.7368489120243137,0.6770833333333334,0.4140127388535032,0.6633187791842516,0.6352825728954918,128,64,512,both,0.001,30,512,128,5,tcn_abnormlabs_baseline/permutation_1_1_label,275
0.6936089992523193,0.7653061603166749,0.8930817610062893,0.15106382978723404,0.709392249584198,0.7618604976990311,0.8923076923076924,0.18471337579617833,0.6638799737445004,0.6508590583959486,128,64,512,both,0.001,30,512,128,5,tcn_abnormlabs_baseline/permutation_1_2_label,276
0.7381954789161682,0.7722378972378973,0.6571873782625633,0.5427927927927928,0.7281767725944519,0.7595245023548558,0.6416666666666667,0.49044585987261147,0.6658291097231115,0.6668848385732198,256,64,512,both,0.001,30,512,256,20,tcn_abnormlabs_baseline/permutation_1_10_label,277
0.7301614284515381,0.7596567609692131,0.6496636771300448,0.5505938242280285,0.7149171233177185,0.7534406759567612,0.6085271317829457,0.5,0.6541284717574977,0.6361620039496378,256,64,512,both,0.001,30,512,256,20,tcn_abnormlabs_baseline/permutation_1_6_label,278
0.7137320041656494,0.7323587194572079,0.6170212765957447,0.5,0.6928176879882812,0.709301949626564,0.5737704918032787,0.445859872611465,0.6164845822415239,0.5809031374437343,256,64,512,both,0.001,30,512,256,20,tcn_abnormlabs_baseline/permutation_1_1_label,279
0.4063909649848938,0.7321288965858485,0.37017472572125154,0.9691489361702128,0.3988950252532959,0.705923243557826,0.36342042755344417,0.9745222929936306,0.6285195416193892,0.5999792599470286,256,64,512,both,0.001,30,512,256,20,tcn_abnormlabs_baseline/permutation_1_2_label,280
0.7261349558830261,0.7715509849377126,0.6151823858034834,0.6023166023166023,0.7171270847320557,0.7505361742485477,0.5986394557823129,0.5605095541401274,0.6670275319486098,0.6410075434533333,256,64,512,both,0.001,30,512,256,10,tcn_abnormlabs_baseline/permutation_1_10_label,281
0.7313637733459473,0.7717641292463144,0.6469310157523085,0.5657957244655581,0.7182320356369019,0.7606022395378663,0.6104868913857678,0.5191082802547771,0.679051556912398,0.643978367991335,256,64,512,both,0.001,30,512,256,10,tcn_abnormlabs_baseline/permutation_1_6_label,282
0.7126246094703674,0.711283387727058,0.6744868035190615,0.3605015673981191,0.699447512626648,0.7085367562266266,0.6280487804878049,0.32802547770700635,0.6071368130934734,0.5873004265257018,256,64,512,both,0.001,30,512,256,10,tcn_abnormlabs_baseline/permutation_1_1_label,283
0.7300751805305481,0.772852548243444,0.6483957219251337,0.5159574468085106,0.7303867340087891,0.7689654800780281,0.6411290322580645,0.5063694267515924,0.6708044831186806,0.6514831900738766,256,64,512,both,0.001,30,512,256,10,tcn_abnormlabs_baseline/permutation_1_2_label,284
0.7499146461486816,0.7721973740280377,0.7379707112970711,0.453989703989704,0.7182320356369019,0.7552889952256243,0.6629834254143646,0.3821656050955414,0.6791603007808709,0.6537967754964422,256,64,512,both,0.001,30,512,256,5,tcn_abnormlabs_baseline/permutation_1_10_label,285
0.7097217440605164,0.7429005334033718,0.6202898550724638,0.5083135391923991,0.709392249584198,0.7274941532757822,0.6032388663967612,0.4745222929936306,0.6343499960417693,0.5933847959248901,256,64,512,both,0.001,30,512,256,5,tcn_abnormlabs_baseline/permutation_1_6_label,286
0.40199336409568787,0.6033053581397346,0.36766467065868264,0.9623824451410659,0.3867403268814087,0.571154903165314,0.3580683156654888,0.9681528662420382,0.516603253548981,0.4826045412620202,256,64,512,both,0.001,30,512,256,5,tcn_abnormlabs_baseline/permutation_1_1_label,287
0.7251879572868347,0.7424400049480455,0.7172557172557172,0.3670212765957447,0.7116022109985352,0.7535700044187225,0.6827586206896552,0.31528662420382164,0.6368693650891261,0.6373373270312431,256,64,512,both,0.001,30,512,256,5,tcn_abnormlabs_baseline/permutation_1_2_label,288
0.7480942010879517,0.7630464346711486,0.6890862944162437,0.5241312741312741,0.7359116077423096,0.7562374039466736,0.6712328767123288,0.4681528662420382,0.650092738184432,0.654139800647781,64,256,256,both,0.001,30,256,64,20,tcn_abnormlabs_baseline/permutation_1_10_label,289
0.7454482913017273,0.7611305697581313,0.6902871105681124,0.5368171021377672,0.7149171233177185,0.751371420565381,0.6147540983606558,0.47770700636942676,0.6707439017954155,0.6462637555983995,64,256,256,both,0.001,30,256,64,20,tcn_abnormlabs_baseline/permutation_1_6_label,290
0.7203765511512756,0.7392885515523682,0.6031007751937985,0.609717868338558,0.7160220742225647,0.7309644670050761,0.5946843853820598,0.5700636942675159,0.635668681351648,0.6328348848577561,64,256,256,both,0.001,30,256,64,20,tcn_abnormlabs_baseline/permutation_1_1_label,291
0.715413510799408,0.7539788471053933,0.6067677946324388,0.5531914893617021,0.7182320356369019,0.754949508012976,0.6072727272727273,0.5318471337579618,0.6518158086786376,0.6458866976375088,64,256,256,both,0.001,30,256,64,20,tcn_abnormlabs_baseline/permutation_1_2_label,292
0.7307998538017273,0.7740029931105445,0.6409574468085106,0.5427927927927928,0.7060773372650146,0.7423615377154127,0.5875912408759124,0.5127388535031847,0.6594441179298369,0.6252183539574999,64,256,256,both,0.001,30,256,64,10,tcn_abnormlabs_baseline/permutation_1_10_label,293
0.7451047897338867,0.7715759331363825,0.7046802900461437,0.5078384798099762,0.720441997051239,0.7578324549775292,0.6355555555555555,0.4554140127388535,0.6610687942694756,0.6563357206119633,64,256,256,both,0.001,30,256,64,10,tcn_abnormlabs_baseline/permutation_1_6_label,294
0.7093023061752319,0.7330189590758791,0.5943238731218697,0.5579937304075235,0.6895027756690979,0.7238298468535463,0.5555555555555556,0.5254777070063694,0.6123977687015469,0.5962429435965052,64,256,256,both,0.001,30,256,64,10,tcn_abnormlabs_baseline/permutation_1_1_label,295
0.7526316046714783,0.771384834240475,0.6991525423728814,0.526595744680851,0.7215469479560852,0.7533490682962053,0.6409090909090909,0.44904458598726116,0.6620561759800103,0.6531333459365799,64,256,256,both,0.001,30,256,64,10,tcn_abnormlabs_baseline/permutation_1_2_label,296
0.7343270182609558,0.7699349555756878,0.6701893439013651,0.4897039897039897,0.7171270847320557,0.76402944377984,0.6294642857142857,0.44904458598726116,0.6682291083261398,0.6541036987568225,64,256,256,both,0.001,30,256,64,5,tcn_abnormlabs_baseline/permutation_1_10_label,297
0.738234281539917,0.7772234779280152,0.6600550964187328,0.5691211401425178,0.710497260093689,0.7564529513832757,0.5984848484848485,0.5031847133757962,0.6707386307245705,0.6654043381927606,64,256,256,both,0.001,30,256,64,5,tcn_abnormlabs_baseline/permutation_1_6_label,298
0.7397563457489014,0.7636382423669859,0.7386363636363636,0.40752351097178685,0.7138121724128723,0.756797827281839,0.6821192052980133,0.32802547770700635,0.6672650484474406,0.653303949950649,64,256,256,both,0.001,30,256,64,5,tcn_abnormlabs_baseline/permutation_1_1_label,299
0.7375940084457397,0.7635186788718455,0.6563307493540051,0.5404255319148936,0.7270718216896057,0.7463114444911464,0.636734693877551,0.4968152866242038,0.6620053774595076,0.6442896384352642,64,256,256,both,0.001,30,256,64,5,tcn_abnormlabs_baseline/permutation_1_2_label,300
0.7317100763320923,0.7675340615844048,0.6772211720226843,0.46106821106821105,0.7237569093704224,0.766486684557104,0.6739130434782609,0.39490445859872614,0.6669874459884382,0.6691708152420581,32,256,256,both,0.001,30,256,32,20,tcn_abnormlabs_baseline/permutation_1_10_label,301
0.7274132370948792,0.7664476051166338,0.643569844789357,0.5515439429928741,0.7259668707847595,0.7648862448403333,0.6299212598425197,0.5095541401273885,0.6628108586745521,0.6623695927013248,32,256,256,both,0.001,30,256,32,20,tcn_abnormlabs_baseline/permutation_1_6_label,302
0.7203765511512756,0.7553543822733713,0.6602409638554216,0.42946708463949845,0.7116022109985352,0.7470496944615086,0.6358974358974359,0.39490445859872614,0.6570062476417826,0.6305774433411199,32,256,256,both,0.001,30,256,32,20,tcn_abnormlabs_baseline/permutation_1_1_label,303
0.7105262875556946,0.7650371103414152,0.8125,0.2351063829787234,0.7160220742225647,0.7627469365320573,0.8275862068965517,0.22929936305732485,0.665869473660978,0.6609815218387022,32,256,256,both,0.001,30,256,32,20,tcn_abnormlabs_baseline/permutation_1_2_label,304
0.731141209602356,0.7636828841062251,0.6746366619784341,0.462998712998713,0.7370165586471558,0.7574768017071357,0.7021276595744681,0.42038216560509556,0.6552153176419381,0.6591286605520733,32,256,256,both,0.001,30,256,32,10,tcn_abnormlabs_baseline/permutation_1_10_label,305
0.7248368263244629,0.7571866311107022,0.6649180327868852,0.4817102137767221,0.7160220742225647,0.754033431407417,0.6338028169014085,0.4299363057324841,0.6637407538229907,0.6533427919163942,32,256,256,both,0.001,30,256,32,10,tcn_abnormlabs_baseline/permutation_1_6_label,306
0.7093023061752319,0.7137861253059647,0.613682092555332,0.4780564263322884,0.7071823477745056,0.6882968519296885,0.6139534883720931,0.42038216560509556,0.6127785826430532,0.6035472180227119,32,256,256,both,0.001,30,256,32,10,tcn_abnormlabs_baseline/permutation_1_1_label,307
0.7203007340431213,0.750752412172192,0.6512345679012346,0.44893617021276594,0.7071823477745056,0.7388427258128832,0.6139534883720931,0.42038216560509556,0.6466826813905605,0.6233824662188662,32,256,256,both,0.001,30,256,32,10,tcn_abnormlabs_baseline/permutation_1_2_label,308
0.7409261465072632,0.7708535099839446,0.6598691804540208,0.5518018018018018,0.7259668707847595,0.7656244948106954,0.6422413793103449,0.4745222929936306,0.6716729637223914,0.6665878618270334,32,256,256,both,0.001,30,256,32,5,tcn_abnormlabs_baseline/permutation_1_10_label,309
0.7299897074699402,0.7668810632537031,0.66006006006006,0.5220902612826603,0.7259668707847595,0.7546746850313083,0.6460176991150443,0.46496815286624205,0.6619373534335455,0.6496693092787662,32,256,256,both,0.001,30,256,32,5,tcn_abnormlabs_baseline/permutation_1_6_label,310
0.7248061895370483,0.7584972302142825,0.7925311203319502,0.2993730407523511,0.7116022109985352,0.7499595848556371,0.7431192660550459,0.25796178343949044,0.6628928509216429,0.6487477902696501,32,256,256,both,0.001,30,256,32,5,tcn_abnormlabs_baseline/permutation_1_1_label,311
0.7120300531387329,0.7492268678871846,0.6246418338108882,0.46382978723404256,0.7027624249458313,0.7374524448467996,0.5982532751091703,0.43630573248407645,0.6387153693089833,0.6189942248500678,32,256,256,both,0.001,30,256,32,5,tcn_abnormlabs_baseline/permutation_1_2_label,312
0.7428603768348694,0.7588342296580283,0.752983293556086,0.40604890604890603,0.7259668707847595,0.7416475368316684,0.7142857142857143,0.3503184713375796,0.666188258927943,0.6535499288850627,128,256,256,both,0.001,30,256,128,20,tcn_abnormlabs_baseline/permutation_1_10_label,313
0.7360013723373413,0.7583283328764227,0.7079062957540263,0.45938242280285035,0.7193370461463928,0.7357280653539828,0.6612903225806451,0.39171974522292996,0.6530513229795821,0.6373813148064721,128,256,256,both,0.001,30,256,128,20,tcn_abnormlabs_baseline/permutation_1_6_label,314
0.5847176313400269,0.7713477476703741,0.4546191247974068,0.8793103448275862,0.591160237789154,0.763237306950327,0.4533333333333333,0.8662420382165605,0.6716891900316022,0.6556435811797197,128,256,256,both,0.001,30,256,128,20,tcn_abnormlabs_baseline/permutation_1_1_label,315
0.7334586381912231,0.763301583374567,0.6490322580645161,0.5351063829787234,0.709392249584198,0.7470119736601033,0.6085106382978723,0.4554140127388535,0.6655928389836845,0.6382502454574552,128,256,256,both,0.001,30,256,128,20,tcn_abnormlabs_baseline/permutation_1_2_label,316
0.7360336780548096,0.7562177499248437,0.7006109979633401,0.44272844272844275,0.7248618602752686,0.7391337148522961,0.6775956284153005,0.39490445859872614,0.6565947301317068,0.6409288350723279,128,256,256,both,0.001,30,256,128,10,tcn_abnormlabs_baseline/permutation_1_10_label,317
0.7404671907424927,0.77366328041476,0.6860902255639098,0.5201900237529691,0.720441997051239,0.7561511849720327,0.630901287553648,0.4681528662420382,0.6757205087669107,0.6579158469956514,128,256,256,both,0.001,30,256,128,10,tcn_abnormlabs_baseline/permutation_1_6_label,318
0.7331118583679199,0.7648366041138832,0.648854961832061,0.5329153605015674,0.7149171233177185,0.7604621337040749,0.6085271317829457,0.5,0.6600841816429535,0.652749301752518,128,256,256,both,0.001,30,256,128,10,tcn_abnormlabs_baseline/permutation_1_1_label,319
0.6943609118461609,0.7508117887184562,0.560303893637227,0.6276595744680851,0.6983425617218018,0.7310399086078868,0.5594202898550724,0.6146496815286624,0.6270458662763881,0.6199110388626615,128,256,256,both,0.001,30,256,128,10,tcn_abnormlabs_baseline/permutation_1_2_label,320
0.737171471118927,0.7653693689162796,0.6757709251101321,0.49356499356499356,0.710497260093689,0.7349089850948948,0.6203703703703703,0.4267515923566879,0.6480449461768609,0.6353896526504044,128,256,256,both,0.001,30,256,128,5,tcn_abnormlabs_baseline/permutation_1_10_label,321
0.736173152923584,0.7686675523706,0.6708708708708708,0.5306413301662708,0.7127071619033813,0.7530904113722828,0.6115702479338843,0.4713375796178344,0.6766715020117202,0.6487187940835055,128,256,256,both,0.001,30,256,128,5,tcn_abnormlabs_baseline/permutation_1_6_label,322
0.7314507365226746,0.7739068471679478,0.6457142857142857,0.5313479623824452,0.7215469479560852,0.7678069126062919,0.625,0.49363057324840764,0.6784406938590285,0.6661283097013031,128,256,256,both,0.001,30,256,128,5,tcn_abnormlabs_baseline/permutation_1_1_label,323
0.6988722085952759,0.7790456457199406,0.8716577540106952,0.17340425531914894,0.7049723863601685,0.7654197247459235,0.8852459016393442,0.17197452229299362,0.6814944987157654,0.6697536310551189,128,256,256,both,0.001,30,256,128,5,tcn_abnormlabs_baseline/permutation_1_2_label,324
0.7388781309127808,0.7636672241935398,0.7072921978582356,0.44626769626769625,0.7237569093704224,0.745449254744738,0.6702127659574468,0.4012738853503185,0.654223420152671,0.6389390235702549,256,256,256,both,0.001,30,256,256,20,tcn_abnormlabs_baseline/permutation_1_10_label,325
0.7305049896240234,0.7706345052615031,0.6850828729281768,0.4712589073634204,0.7182320356369019,0.7545776886848374,0.6411483253588517,0.4267515923566879,0.6781231847317952,0.6489068136531085,256,256,256,both,0.001,30,256,256,20,tcn_abnormlabs_baseline/permutation_1_6_label,326
0.7425249218940735,0.7781474105724223,0.7536656891495601,0.40282131661442006,0.7160220742225647,0.760871673833619,0.6993006993006993,0.3184713375796178,0.6802054099111638,0.6551431304443831,256,256,256,both,0.001,30,256,256,20,tcn_abnormlabs_baseline/permutation_1_1_label,327
0.7308270931243896,0.7573534141514103,0.6848184818481848,0.44148936170212766,0.7171270847320557,0.7574229148479853,0.6686046511627907,0.3662420382165605,0.6608383935794457,0.6473338578251133,256,256,256,both,0.001,30,256,256,20,tcn_abnormlabs_baseline/permutation_1_2_label,328
0.7395608425140381,0.7636691498247563,0.7510729613733905,0.39414414414414417,0.7127071619033813,0.7478876351212993,0.6776315789473685,0.32802547770700635,0.6571887587822343,0.6419133263677802,256,256,256,both,0.001,30,256,256,10,tcn_abnormlabs_baseline/permutation_1_10_label,329
0.755066990852356,0.7745185023296057,0.7581749049429658,0.47363420427553443,0.7237569093704224,0.7592011811999526,0.6649484536082474,0.410828025477707,0.6716735776228145,0.6539885321434777,256,256,256,both,0.001,30,256,256,10,tcn_abnormlabs_baseline/permutation_1_6_label,330
